epid,firstname,lastname,active,start,end,birthdate,country,gender,eugroup,party,email,twitter,term,voteid
262021,Hanna,GRONKIEWICZ-WALTZ,1,2024-10-10,,1952-11-04,pl,,EPP,Platforma Obywatelska,,,10,262021
261797,Christophe,BAY,1,2024-09-27,,1962-09-06,fr,,Patriots,Rassemblement national,,,10,
261796,Séverine,WERBROUCK,1,2024-09-27,,1978-10-31,fr,,Patriots,Rassemblement national,,,10,
261038,Tomáš,KUBÍN,1,2024-08-01,,1962-07-24,cz,,Patriots,ANO 2011,,,10,
260724,Csaba,DÖMÖTÖR,1,2024-09-22,,1982-09-13,hu,,Patriots,Fidesz-Magyar Polgári Szövetség-Kereszténydemokrata Néppárt,,,10,
260035,Marko,VEŠLIGAJ,1,2024-09-05,,,hr,,S&D,Socijaldemokratska partija Hrvatske,,,10,
257727,Pierfrancesco,MARAN,1,2024-07-16,,1980-05-27,it,,S&D,Partito Democratico,,,10,
257457,Zsuzsanna,BORVENDÉG,1,2024-07-16,,1974-11-04,hu,,ESN,Mi Hazánk Mozgalom,,,10,
257438,Anouk,VAN BRUG,1,2024-07-16,,1992-09-14,nl,,Renew,Volkspartij voor Vrijheid en Democratie,,,10,
257437,Catarina,VIEIRA,1,2024-07-16,,1996-05-14,nl,,Greens/EFA,GroenLinks,,,10,
257301,Cynthia,NÍ MHURCHÚ,1,2024-07-16,,,ie,,Renew,Fianna Fáil Party,,,10,
257300,Michael,MCNAMARA,1,2024-07-16,,1974-03-01,ie,,Renew,Independent,,,10,
257299,Kathleen,FUNCHION,1,2024-07-16,,1981-04-22,ie,,GUE/NGL,Sinn Féin,,,10,
257298,Ciaran,MULLOOLY,1,2024-07-16,,1966-09-04,ie,,Renew,Independent,,,10,
257297,Barry,COWEN,1,2024-07-16,,1967-08-28,ie,,Renew,Fianna Fáil Party,,,10,
257296,Nina,CARBERRY,1,2024-07-16,,1984-07-21,ie,,EPP,Fine Gael Party,,,10,
257262,Rada,LAYKOVA,1,2024-07-16,,1990-04-03,bg,,ESN,Revival,,,10,
257261,Ilia,LAZAROV,1,2024-07-16,,1965-09-19,bg,,EPP,Union of Democratic Forces,,,10,
257260,Petar,VOLGIN,1,2024-07-16,,1969-09-28,bg,,ESN,Revival,,,10,
257259,Nikola,MINCHEV,1,2024-07-16,,1987-09-13,bg,,Renew,We continue the change – Democratic Bulgaria,,,10,
257258,Ivaylo,VALCHEV,1,2024-07-16,,1972-01-09,bg,,ECR,There Is Such a People,,,10,
257257,Hristo,PETROV,1,2024-07-16,,1979-12-19,bg,,Renew,We continue the change – Democratic Bulgaria,,,10,
257256,Taner,KABILOV,1,2024-07-16,,1987-04-28,bg,,Renew,Movement for Rights and Freedoms,,,10,
257255,Stanislav,STOYANOV,1,2024-07-16,,1981-04-05,bg,,ESN,Revival,,,10,
257238,Aodhán,Ó RÍORDÁIN,1,2024-07-16,,1976-07-22,ie,,S&D,Labour Party,,,10,
257237,Regina,DOHERTY,1,2024-07-16,,1971-01-26,ie,,EPP,Fine Gael Party,,,10,
257170,Sandro,RUOTOLO,1,2024-07-16,,1955-07-09,it,,S&D,Partito Democratico,,,10,
257169,Annalisa,CORRADO,1,2024-07-16,,1973-09-08,it,,S&D,Partito Democratico,,,10,
257163,Francesco,TORSELLI,1,2024-07-16,,1976-03-09,it,,ECR,FRATELLI D' ITALIA,,,10,
257160,Marco,TARQUINIO,1,2024-07-16,,1958-03-16,it,,S&D,Partito Democratico,,,10,
257155,Danilo,DELLA VALLE,1,2024-07-16,,1983-02-01,it,,GUE/NGL,Movimento 5 Stelle,,,10,
257151,Letizia,MORATTI,1,2024-07-16,,1949-11-26,it,,EPP,Forza Italia,,,10,
257150,Michele,PICARO,1,2024-07-16,,1981-05-15,it,,ECR,FRATELLI D' ITALIA,,,10,
257149,Lara,MAGONI,1,2024-07-16,,1969-01-29,it,,ECR,FRATELLI D' ITALIA,,,10,
257148,Raffaele,TOPO,1,2024-07-16,,1965-03-02,it,,S&D,Partito Democratico,,,10,
257147,Alessandro,CIRIANI,1,2024-07-16,,1970-08-02,it,,ECR,FRATELLI D' ITALIA,,,10,
257145,Daniele,POLATO,1,2024-07-16,,1975-06-04,it,,ECR,FRATELLI D' ITALIA,,,10,
257144,Paolo,INSELVINI,1,2024-07-16,,1994-10-05,it,,ECR,FRATELLI D' ITALIA,,,10,
257143,Mariateresa,VIVALDINI,1,2024-07-16,,1967-11-22,it,,ECR,FRATELLI D' ITALIA,,,10,
257140,Carolina,MORACE,1,2024-07-16,,1964-02-05,it,,GUE/NGL,Movimento 5 Stelle,,,10,
257139,Benedetta,SCUDERI,1,2024-07-17,,1991-09-08,it,,Greens/EFA,Europa Verde - Verdi,,,10,
257138,Giuseppe,ANTOCI,1,2024-07-16,,1968-01-11,it,,GUE/NGL,Movimento 5 Stelle,,,10,
257137,Marco,FALCONE,1,2024-07-16,,1971-01-05,it,,EPP,Forza Italia,,,10,
257135,Valentina,PALMISANO,1,2024-07-16,,1983-01-24,it,,GUE/NGL,Movimento 5 Stelle,,,10,
257133,Pasquale,TRIDICO,1,2024-07-16,,1975-09-21,it,,GUE/NGL,Movimento 5 Stelle,,,10,
257132,Ignazio Roberto,MARINO,1,2024-07-16,,1955-03-10,it,,Greens/EFA,Independent,,,10,
257131,Anna Maria,CISINT,1,2024-07-16,,,it,,Patriots,Lega,,,10,
257130,Cristina,GUARDA,1,2024-07-16,,1990-03-03,it,,Greens/EFA,Europa Verde - Verdi,,,10,
257129,Mimmo,LUCANO,1,2024-07-16,,1954-05-31,it,,GUE/NGL,Alleanza Verdi e Sinistra,,,10,
257128,Giusi,PRINCI,1,2024-07-16,,1972-09-27,it,,EPP,Forza Italia,,,10,
257127,Ilaria,SALIS,1,2024-07-16,,,it,,GUE/NGL,Alleanza Verdi e Sinistra,,,10,
257126,Gaetano,PEDULLA',1,2024-07-16,,1967-01-05,it,,GUE/NGL,Movimento 5 Stelle,,,10,
257125,Roberto,VANNACCI,1,2024-07-16,,1968-10-20,it,,Patriots,Lega,,,10,
257124,Giuseppe,LUPO,1,2024-07-16,,1966-03-18,it,,S&D,Partito Democratico,,,10,
257123,Lucia,ANNUNZIATA,1,2024-07-16,,1950-08-08,it,,S&D,Partito Democratico,,,10,
257122,Antonio,DECARO,1,2024-07-16,,1970-07-17,it,,S&D,Partito Democratico,,,10,
257121,Matteo,RICCI,1,2024-07-16,,1974-07-18,it,,S&D,Partito Democratico,,,10,
257120,Diana,IOVANOVICI ŞOŞOACĂ,1,2024-07-16,,1975-11-13,ro,,NA,S.O.S. România,,,10,
257119,Şerban-Dimitrie,STURDZA,1,2024-07-16,,1967-03-30,ro,,ECR,Alianța pentru Unirea Românilor,,,10,
257118,Luis-Vicențiu,LAZARUS,1,2024-07-16,,1967-03-12,ro,,NA,S.O.S. România,,,10,
257117,Adrian-George,AXINIA,1,2024-07-16,,1977-10-18,ro,,ECR,Alianța pentru Unirea Românilor,,,10,
257116,Georgiana,TEODORESCU,1,2024-07-16,,1985-08-19,ro,,ECR,Alianța pentru Unirea Românilor,,,10,
257115,Gheorghe,PIPEREA,1,2024-07-16,,1970-03-01,ro,,ECR,Alianța pentru Unirea Românilor,,,10,
257114,Claudiu-Richard,TÂRZIU,1,2024-07-16,,1973-02-20,ro,,ECR,Alianța pentru Unirea Românilor,,,10,
257113,Antonella,SBERNA,1,2024-07-16,,1982-01-11,it,,ECR,FRATELLI D' ITALIA,,,10,
257112,Vlad,VASILE-VOICULESCU,1,2024-07-16,,1983-09-06,ro,,Renew,Uniunea Salvați România,,,10,
257111,Dario,NARDELLA,1,2024-07-16,,1975-11-20,it,,S&D,Partito Democratico,,,10,
257110,Dan,BARNA,1,2024-07-16,,1975-07-10,ro,,Renew,Uniunea Salvați România,,,10,
257109,Marco,SQUARTA,1,2024-07-16,,1979-06-04,it,,ECR,FRATELLI D' ITALIA,,,10,
257108,Stefano,BONACCINI,1,2024-07-16,,1967-01-01,it,,S&D,Partito Democratico,,,10,
257107,Virgil-Daniel,POPESCU,1,2024-07-16,,1968-04-25,ro,,EPP,Partidul Naţional Liberal,,,10,
257106,Alessandro,ZAN,1,2024-07-16,,1973-10-04,it,,S&D,Partito Democratico,,,10,
257105,Roxana,MÎNZATU,1,2024-07-16,,1980-04-01,ro,,S&D,Partidul Social Democrat,,,10,
257104,Ruggero,RAZZA,1,2024-07-16,,1980-09-23,it,,ECR,FRATELLI D' ITALIA,,,10,
257103,Ştefan,MUŞOIU,1,2024-07-16,,1975-06-16,ro,,S&D,Partidul Social Democrat,,,10,
257102,Giorgio,GORI,1,2024-07-16,,1960-03-24,it,,S&D,Partito Democratico,,,10,
257101,Cecilia,STRADA,1,2024-07-16,,1979-03-12,it,,S&D,Partito Democratico,,,10,
257100,Gheorghe,CÂRCIU,1,2024-07-16,,1973-04-14,ro,,S&D,Partidul Social Democrat,,,10,
257099,Francesco,VENTOLA,1,2024-07-16,,1971-05-12,it,,ECR,FRATELLI D' ITALIA,,,10,
257098,Gabriela,FIREA,1,2024-07-16,,1972-07-13,ro,,S&D,Partidul Social Democrat,,,10,
257097,Alberico,GAMBINO,1,2024-07-16,,1967-12-07,it,,ECR,FRATELLI D' ITALIA,,,10,
257096,Stefano,CAVEDAGNA,1,2024-07-16,,1989-12-09,it,,ECR,FRATELLI D' ITALIA,,,10,
257095,Elena,DONAZZAN,1,2024-07-16,,1972-06-22,it,,ECR,FRATELLI D' ITALIA,,,10,
257094,Giovanni,CROSETTO,1,2024-07-16,,1990-08-12,it,,ECR,FRATELLI D' ITALIA,,,10,
257093,Carlo,CICCIOLI,1,2024-07-16,,1952-11-19,it,,ECR,FRATELLI D' ITALIA,,,10,
257092,Hanna,GEDIN,1,2024-07-16,,1978-03-11,se,,GUE/NGL,Vänsterpartiet,,,10,
257091,Dick,ERIXON,1,2024-07-16,,,se,,ECR,Sverigedemokraterna,,,10,
257090,Beatrice,TIMGREN,1,2024-07-16,,1989-05-12,se,,ECR,Sverigedemokraterna,,,10,
257089,Alice,TEODORESCU MÅWE,1,2024-07-16,,1984-05-02,se,,EPP,Kristdemokraterna,,,10,
257088,Sofie,ERIKSSON,1,2024-07-16,,1992-12-13,se,,S&D,Arbetarepartiet- Socialdemokraterna,,,10,
257087,Adnan,DIBRANI,1,2024-07-16,,1985-02-12,se,,S&D,Arbetarepartiet- Socialdemokraterna,,,10,
257086,Jacek,OZDOBA,1,2024-07-16,,1991-09-22,pl,,ECR,Sovereign Poland,,,10,
257085,Krzysztof,ŚMISZEK,1,2024-07-16,,1979-08-25,pl,,S&D,Nowa Lewica,,,10,
257084,Joanna,SCHEURING-WIELGUS,1,2024-07-16,,1972-02-08,pl,,S&D,Nowa Lewica,,,10,
257083,João,OLIVEIRA,1,2024-07-16,,1979-07-09,pt,,GUE/NGL,Partido Comunista Português,,,10,
257082,Jagna,MARCZUŁAJTIS-WALCZAK,1,2024-07-16,,1978-12-15,pl,,EPP,Platforma Obywatelska,,,10,
257081,Sebastião,BUGALHO,1,2024-07-16,,,pt,,EPP,Independent,,,10,
257080,Piotr,MÜLLER,1,2024-07-16,,1989-05-02,pl,,ECR,Prawo i Sprawiedliwość,,,10,
257079,Sérgio,GONÇALVES,1,2024-07-16,,1979-04-07,pt,,S&D,Partido Socialista,,,10,
257078,Paulo,CUNHA,1,2024-07-16,,1971-08-22,pt,,EPP,Partido Social Democrata,,,10,
257077,Marlena,MALĄG,1,2024-07-16,,1964-11-02,pl,,ECR,Prawo i Sprawiedliwość,,,10,
257076,Michał,DWORCZYK,1,2024-07-16,,1975-07-22,pl,,ECR,Prawo i Sprawiedliwość,,,10,
257075,Isilda,GOMES,1,2024-07-16,,1951-09-16,pt,,S&D,Partido Socialista,,,10,
257073,Tobiasz,BOCHEŃSKI,1,2024-07-16,,1987-12-15,pl,,ECR,Prawo i Sprawiedliwość,,,10,
257072,Tomasz,BUCZEK,1,2024-07-16,,1986-04-24,pl,,Patriots,Konfederacja Wolność i Niepodległość,,,10,
257071,Carla,TAVARES,1,2024-07-16,,1970-08-15,pt,,S&D,Partido Socialista,,,10,
257070,Marcin,SYPNIEWSKI,1,2024-07-16,,1979-01-30,pl,,ESN,Konfederacja Wolność i Niepodległość,,,10,
257069,Ewa,ZAJĄCZKOWSKA-HERNIK,1,2024-07-16,,1990-01-20,pl,,ESN,Konfederacja Wolność i Niepodległość,,,10,
257068,Hélder,SOUSA SILVA,1,2024-07-16,,1965-07-21,pt,,EPP,Partido Social Democrata,,,10,
257067,Grzegorz,BRAUN,1,2024-07-02,,1967-03-11,pl,,NA,Konfederacja Korony Polskiej,,,10,7632
257066,André,RODRIGUES,1,2024-07-16,,1977-02-12,pt,,S&D,Partido Socialista,,,10,
257065,Sérgio,HUMBERTO,1,2024-07-16,,1975-11-07,pt,,EPP,Aliança Democrática,,,10,
257064,Anna,BRYŁKA,1,2024-07-16,,1990-09-01,pl,,Patriots,Konfederacja Wolność i Niepodległość,,,10,
257063,Catarina,MARTINS,1,2024-07-16,,1973-09-07,pt,,GUE/NGL,Bloco de Esquerda,,,10,
257062,Stanisław,TYSZKA,1,2024-07-16,,1979-04-11,pl,,ESN,Konfederacja Wolność i Niepodległość,,,10,
257061,Ana,VASCONCELOS,1,2024-07-16,,1985-03-14,pt,,Renew,Iniciativa Liberal,,,10,
257060,Arkadiusz,MULARCZYK,1,2024-07-16,,1971-02-04,pl,,ECR,Prawo i Sprawiedliwość,,,10,
257059,Bruno,GONÇALVES,1,2024-07-16,,1996-12-27,pt,,S&D,Partido Socialista,,,10,
257058,Daniel,OBAJTEK,1,2024-07-16,,1976-01-02,pl,,ECR,Prawo i Sprawiedliwość,,,10,
257057,João,COTRIM DE FIGUEIREDO,1,2024-07-16,,1961-06-24,pt,,Renew,Iniciativa Liberal,,,10,
257056,Mariusz,KAMIŃSKI,1,2024-07-16,,1965-09-25,pl,,ECR,Prawo i Sprawiedliwość,,,10,
257055,Małgorzata,GOSIEWSKA,1,2024-07-16,,1966-07-22,pl,,ECR,Prawo i Sprawiedliwość,,,10,
257054,Tiago,MOREIRA DE SÁ,1,2024-07-16,,1971-01-12,pt,,Patriots,Chega,,,10,
257053,Ana Catarina,MENDES,1,2024-07-16,,1973-01-14,pt,,S&D,Partido Socialista,,,10,
257052,Maciej,WĄSIK,1,2024-07-16,,1969-10-16,pl,,ECR,Prawo i Sprawiedliwość,,,10,
257051,Andrzej,BUŁA,1,2024-07-16,,1965-08-28,pl,,EPP,Platforma Obywatelska,,,10,
257050,António,TÂNGER CORRÊA,1,2024-07-16,,1952-04-24,pt,,Patriots,Chega,,,10,
257049,Mirosława,NYKIEL,1,2024-07-16,,1953-09-23,pl,,EPP,Platforma Obywatelska,,,10,
257048,Paulo,DO NASCIMENTO CABRAL,1,2024-07-16,,1981-08-20,pt,,EPP,Aliança Democrática,,,10,
257047,Borys,BUDKA,1,2024-07-16,,1978-03-11,pl,,EPP,Platforma Obywatelska,,,10,
257046,Marta,WCISŁO,1,2024-07-16,,1969-02-26,pl,,EPP,Platforma Obywatelska,,,10,
257045,Michał,WAWRYKIEWICZ,1,2024-07-16,,1971-05-11,pl,,EPP,Independent,,,10,
257044,Rasmus,NORDQVIST,1,2024-07-16,,1975-07-18,dk,,Greens/EFA,Socialistisk Folkeparti,,,10,
257043,Maravillas,ABADÍA JOVER,1,2024-07-16,,1981-12-08,es,,EPP,Partido Popular,,,10,
257042,Marcin,KIERWIŃSKI,1,2024-07-16,2024-09-25,,pl,,EPP,Platforma Obywatelska,,,10,
257041,Jacek,PROTAS,1,2024-07-16,,1964-01-15,pl,,EPP,Platforma Obywatelska,,,10,
257040,Nicolás,PASCUAL DE LA PARTE,1,2024-07-16,,1959-04-21,es,,EPP,Partido Popular,,,10,
257039,Elena,NEVADO DEL CAMPO,1,2024-07-16,,1967-01-26,es,,EPP,Partido Popular,,,10,
257038,Sigrid,FRIIS,1,2024-07-16,,1994-10-20,dk,,Renew,Det Radikale Venstre,,,10,
257037,Michał,KOBOSKO,1,2024-07-16,,1968-04-15,pl,,Renew,Polska 2050,,,10,
257035,Alma,EZCURRA ALMANSA,1,2024-07-16,,1986-12-11,es,,EPP,Partido Popular,,,10,
257034,Carmen,CRESPO DÍAZ,1,2024-07-16,,1966-12-08,es,,EPP,Partido Popular,,,10,
257033,Niels Flemming,HANSEN,1,2024-07-16,,1974-05-16,dk,,EPP,Det Konservative Folkeparti,,,10,
257032,Kamila,GASIUK-PIHOWICZ,1,2024-07-16,,1983-05-08,pl,,EPP,Platforma Obywatelska,,,10,
257031,Dariusz,JOŃSKI,1,2024-07-16,,1979-01-12,pl,,EPP,Inicjatywa Polska,,,10,
257030,Raúl,DE LA HOZ QUINTANO,1,2024-07-16,,1973-05-04,es,,EPP,Partido Popular,,,10,
257029,Jorge,MARTÍN FRÍAS,1,2024-07-16,,1980-04-08,es,,Patriots,VOX,,,10,
257028,Henrik,DAHL,1,2024-07-16,,1960-02-20,dk,,EPP,Liberal Alliance,,,10,
257027,Fernando,NAVARRETE ROJAS,1,2024-07-16,,1976-01-24,es,,EPP,Partido Popular,,,10,
257026,Michał,SZCZERBA,1,2024-07-16,,1977-12-14,pl,,EPP,Platforma Obywatelska,,,10,
257025,Kristoffer,STORM,1,2024-07-16,,1989-01-26,dk,,ECR,Danmarksdemokraterne,,,10,
257024,Mireia,BORRÁS PABÓN,1,2024-07-16,,1986-10-14,es,,Patriots,VOX,,,10,
257023,Per,CLAUSEN,1,2024-07-16,,1955-02-20,dk,,GUE/NGL,Enhedslisten,,,10,
257022,Nora,JUNCO GARCÍA,1,2024-07-16,,,es,,NA,Se Acabó la Fiesta,,,10,
257021,Diego,SOLIER,1,2024-07-16,,1980-04-26,es,,NA,Se Acabó la Fiesta,,,10,
257020,Stine,BOSSE,1,2024-07-16,,1960-12-21,dk,,Renew,Moderaterne,,,10,
257019,Alvise,PÉREZ,1,2024-07-16,,1990-02-26,es,,NA,Se Acabó la Fiesta,,,10,
257018,Branislav,ONDRUŠ,1,2024-07-16,,1973-03-28,sk,,NA,Hlas – sociálna demokracia,,,10,
257016,Vicent,MARZÀ IBÁÑEZ,1,2024-07-16,,1983-03-03,es,,Greens/EFA,Compromís,,,10,
257015,Jaume,ASENS LLODRÀ,1,2024-07-16,,1972-03-29,es,,Greens/EFA,Movimiento Sumar,,,10,
257014,Veronika,CIFROVÁ OSTRIHOŇOVÁ,1,2024-07-17,,1989-02-03,sk,,Renew,Progresívne Slovensko,,,10,
257013,Ľubica,KARVAŠOVÁ,1,2024-07-16,,,sk,,Renew,Progresívne Slovensko,,,10,
257012,Estrella,GALÁN,1,2024-07-16,,1971-04-24,es,,GUE/NGL,Movimiento Sumar,,,10,
257011,Lucia,YAR,1,2024-07-16,,1987-05-15,sk,,Renew,Progresívne Slovensko,,,10,
257010,Ľudovít,ÓDOR,1,2024-07-16,,1976-07-02,sk,,Renew,Progresívne Slovensko,,,10,
257009,Isabel,SERRA SÁNCHEZ,1,2024-07-16,,1989-08-15,es,,GUE/NGL,PODEMOS,,,10,
257007,Erik,KALIŇÁK,1,2024-07-16,,1991-09-09,sk,,NA,SMER-Sociálna demokracia,,,10,
257005,Ľuboš,BLAHA,1,2024-07-02,,1979-12-07,sk,,NA,SMER-Sociálna demokracia,,,10,7566
257003,Jeannette,BALJEU,1,2024-07-16,,1967-08-07,nl,,Renew,Volkspartij voor Vrijheid en Democratie,,,10,
257002,José,CEPEDA,1,2024-07-16,,1968-07-19,es,,S&D,Partido Socialista Obrero Español,,,10,
257001,Elena,SANCHO MURILLO,1,2024-07-16,,1989-01-26,es,,S&D,Partido Socialista Obrero Español,,,10,
257000,Stephen Nikola,BARTULICA,1,2024-09-28,,,hr,,ECR,Dom i nacionalno okupljanje,,,10,
256999,Rosa,SERRANO SIERRA,1,2024-07-16,,1969-11-11,es,,S&D,Partido Socialista Obrero Español,,,10,
256998,Rachel,BLOM,1,2024-07-16,,1987-10-07,nl,,Patriots,Partij voor de Vrijheid,,,10,
256997,Sandra,GÓMEZ LÓPEZ,1,2024-07-16,,1985-07-23,es,,S&D,Partido Socialista Obrero Español,,,10,
256996,Sebastian,KRUIS,1,2024-07-16,,1989-08-04,nl,,Patriots,Partij voor de Vrijheid,,,10,
256995,Gordan,BOSANAC,1,2024-07-16,,1973-09-18,hr,,Greens/EFA,Možemo!,,,10,
256994,Idoia,MENDIA,1,2024-07-16,,1965-10-27,es,,S&D,Partido Socialista Obrero Español,,,10,
256993,Leire,PAJÍN,1,2024-07-16,,1976-09-16,es,,S&D,Partido Socialista Obrero Español,,,10,
256992,Hana,JALLOUL MURO,1,2024-07-16,,1978-04-08,es,,S&D,Partido Socialista Obrero Español,,,10,
256991,Sebastiaan,STÖTELER,1,2024-07-16,,1983-11-18,nl,,Patriots,Partij voor de Vrijheid,,,10,
256990,Anna,STROLENBERG,1,2024-07-16,,1995-07-23,nl,,Greens/EFA,Volt,,,10,
256989,Fidias,PANAYIOTOU,1,2024-07-16,,2000-04-10,cy,,NA,Independent,,,10,
256987,Oihane,AGIRREGOITIA MARTÍNEZ,1,2024-07-16,,1980-04-18,es,,Renew,Partido Nacionalista Vasco,,,10,
256986,Geadis,GEADI,1,2024-07-16,,1984-08-30,cy,,ECR,Εθνικό Λαϊκό Μέτωπο,,,10,
256985,Michalis,HADJIPANTELA,1,2024-07-16,,1974-05-25,cy,,EPP,Democratic Rally,,,10,
256983,Jessika,VAN LEEUWEN,1,2024-07-16,,1981-09-10,nl,,EPP,BoerBurgerBeweging,,,10,
256981,Ton,DIEPEVEEN,1,2024-07-16,,1957-08-27,nl,,Patriots,Partij voor de Vrijheid,,,10,
256980,Alexandra,MEHNERT,1,2024-07-16,,1974-08-06,de,,EPP,Christlich Demokratische Union Deutschlands,,,10,
256979,Oliver,SCHENK,1,2024-07-16,,1968-08-14,de,,EPP,Christlich Demokratische Union Deutschlands,,,10,
256978,Reinier,VAN LANSCHOT,1,2024-07-16,,1989-12-07,nl,,Greens/EFA,Volt,,,10,
256977,Andrea,WECHSLER,1,2024-07-16,,1977-06-19,de,,EPP,Christlich Demokratische Union Deutschlands,,,10,
256976,Brigitte,VAN DEN BERG,1,2024-07-16,,1989-03-22,nl,,Renew,Democraten 66,,,10,
256974,Verena,MERTENS,1,2024-07-16,,1981-11-20,de,,EPP,Christlich Demokratische Union Deutschlands,,,10,
256973,Stefan,KÖHLER,1,2024-07-16,,1967-09-24,de,,EPP,Christlich-Soziale Union in Bayern e.V.,,,10,
256971,Lukas,SIEPER,1,2024-07-16,,1997-03-22,de,,NA,Partei des Fortschritts,,,10,
256970,Raquel,GARCÍA HERMIDA-VAN DER WALLE,1,2024-07-16,,1983-05-28,nl,,Renew,Democraten 66,,,10,
256969,Friedrich,PÜRNER,1,2024-07-16,,1967-04-24,de,,NA,Bündnis Sahra Wagenknecht – Vernunft und Gerechtigkeit,,,10,
256968,Ingeborg,TER LAAK,1,2024-07-16,,1973-02-18,nl,,EPP,Christen Democratisch Appèl,,,10,
256967,Jan-Peter,WARNKE,1,2024-07-16,,,de,,NA,Bündnis Sahra Wagenknecht – Vernunft und Gerechtigkeit,,,10,
256966,Michael,VON DER SCHULENBURG,1,2024-07-16,,1948-10-16,de,,NA,Bündnis Sahra Wagenknecht – Vernunft und Gerechtigkeit,,,10,
256965,Kai,TEGETHOFF,1,2024-07-16,,1984-07-19,de,,Greens/EFA,Volt,,,10,
256964,Nela,RIEHL,1,2024-07-16,,1985-09-11,de,,Greens/EFA,Volt,,,10,
256962,Joachim,STREIT,1,2024-07-16,,1965-06-04,de,,Renew,Freie Wähler,,,10,
256961,Sebastian,EVERDING,1,2024-07-16,,,de,,GUE/NGL,Partei Mensch Umwelt Tierschutz,,,10,
256960,Sibylle,BERG,1,2024-07-16,,,de,,NA,Die PARTEI,,,10,
256959,Alexander,SELL,1,2024-07-16,,1980-11-25,de,,ESN,Alternative für Deutschland,,,10,
256957,Mary,KHAN,1,2024-07-16,,1994-06-25,de,,ESN,Alternative für Deutschland,,,10,
256956,Galato,ALEXANDRAKI,1,2024-07-16,,1948-12-11,gr,,ECR,Elliniki Lusi-Greek Solution,,,10,
256955,Maria,ZACHARIA,1,2024-07-16,,,gr,,NA,Plefsi Eleftherias,,,10,
256954,Afroditi,LATINOPOULOU,1,2024-07-16,,,gr,,Patriots,Foní Loyikís,,,10,
256952,Nikos,PAPPAS,1,2024-07-16,,1990-07-11,gr,,GUE/NGL,Coalition of the Radical Left,,,10,
256951,Anja,ARNDT,1,2024-07-16,,1966-01-10,de,,ESN,Alternative für Deutschland,,,10,
256950,Dimitris,TSIODRAS,1,2024-07-16,,1959-10-26,gr,,EPP,Nea Demokratia,,,10,
256949,Siegbert Frank,DROESE,1,2024-07-16,,1969-06-07,de,,ESN,Alternative für Deutschland,,,10,
256948,Arno,BAUSEMER,1,2024-07-16,,1982-12-02,de,,ESN,Alternative für Deutschland,,,10,
256947,Fredis,BELERIS,1,2024-07-16,,1972-08-09,gr,,EPP,Nea Demokratia,,,10,
256946,Christine,SINGER,1,2024-07-16,,1965-07-24,de,,Renew,Freie Wähler,,,10,
256945,Irmhild,BOẞDORF,1,2024-07-16,,1967-01-14,de,,ESN,Alternative für Deutschland,,,10,
256944,Hans,NEUHOFF,1,2024-07-16,,1959-01-10,de,,ESN,Alternative für Deutschland,,,10,
256943,Eleonora,MELETI,1,2024-07-16,,1978-09-17,gr,,EPP,Nea Demokratia,,,10,
256942,Marc,JONGEN,1,2024-07-16,,1968-05-23,de,,ESN,Alternative für Deutschland,,,10,
256941,Alexander,JUNGBLUTH,1,2024-07-16,,1987-02-07,de,,ESN,Alternative für Deutschland,,,10,
256939,Thomas,GEISEL,1,2024-07-16,,1963-10-26,de,,NA,Bündnis Sahra Wagenknecht – Vernunft und Gerechtigkeit,,,10,
256938,Tobias,CREMER,1,2024-07-16,,1992-06-30,de,,S&D,Sozialdemokratische Partei Deutschlands,,,10,
256937,Vivien,COSTANZO,1,2024-07-16,,1990-02-06,de,,S&D,Sozialdemokratische Partei Deutschlands,,,10,
256936,Thomas,BAJADA,1,2024-07-16,,1994-06-13,mt,,S&D,Partit Laburista,,,10,
256935,Sabrina,REPP,1,2024-07-16,,1999-02-01,de,,S&D,Sozialdemokratische Partei Deutschlands,,,10,
256934,Daniel,ATTARD,1,2024-07-16,,1992-04-18,mt,,S&D,Partit Laburista,,,10,
256929,René,AUST,1,2024-07-16,,1987-04-24,de,,ESN,Alternative für Deutschland,,,10,
256928,Petr,BYSTRON,1,2024-07-16,,1972-11-30,de,,ESN,Alternative für Deutschland,,,10,
256927,Carola,RACKETE,1,2024-07-16,,1988-05-08,de,,GUE/NGL,Independent,,,10,
256926,Marie-Agnes,STRACK-ZIMMERMANN,1,2024-07-16,,1958-03-10,de,,Renew,Freie Demokratische Partei,,,10,
256925,Laurence,TROCHU,1,2024-07-16,,1973-07-04,fr,,ECR,Mouvement conservateur,,,10,
256924,Sarah,KNAFO,1,2024-07-16,,,fr,,ESN,Reconquête!,,,10,
256922,Marion,MARÉCHAL,1,2024-07-16,,1989-12-10,fr,,ECR,Indépendant,,,10,
256921,Laurent,CASTILLO,1,2024-07-16,,1962-03-12,fr,,EPP,Les Républicains,,,10,
256920,Isabelle,LE CALLENNEC,1,2024-07-16,,1966-10-14,fr,,EPP,Les Républicains,,,10,
256919,Christophe,GOMART,1,2024-07-16,,1960-06-20,fr,,EPP,Les Républicains,,,10,
256918,Céline,IMART,1,2024-07-16,,1982-08-24,fr,,EPP,Les Républicains,,,10,
256917,Majdouline,SBAI,1,2024-07-16,,,fr,,Greens/EFA,Les Écologistes,,,10,
256916,Mārtiņš,STAĶIS,1,2024-07-16,,1979-07-04,lv,,Greens/EFA,Progresīvie,,,10,
256915,Mélissa,CAMARA,1,2024-07-16,,1991-11-27,fr,,Greens/EFA,Les Écologistes,,,10,
256913,Emma,FOURREAU,1,2024-07-16,,1999-10-01,fr,,GUE/NGL,La France Insoumise,,,10,
256912,Rima,HASSAN,1,2024-07-16,,1992-04-28,fr,,GUE/NGL,La France Insoumise,,,10,
256911,Arash,SAEIDI,1,2024-07-16,,1975-05-25,fr,,GUE/NGL,La France Insoumise,,,10,
256910,Anthony,SMITH,1,2024-07-16,,1975-04-03,fr,,GUE/NGL,La France Insoumise,,,10,
256909,Vilis,KRIŠTOPANS,1,2024-07-16,,,lv,,Patriots,Latvija pirmajā vietā,,,10,
256908,François,KALFON,1,2024-07-16,,1968-06-11,fr,,S&D,Parti socialiste,,,10,
256907,Reinis,POZŅAKS,1,2024-07-16,,1977-12-09,lv,,ECR,"Apvienotais saraksts — Latvijas Zaļā partija, Latvijas Reģionu Apvienība, Liepājas partija",,,10,
256906,Claire,FITA,1,2024-07-16,,1976-12-31,fr,,S&D,Parti socialiste,,,10,
256905,Eric,SARGIACOMO,1,2024-07-16,,1969-10-31,fr,,S&D,Parti socialiste,,,10,
256904,Chloé,RIDEL,1,2024-07-16,,1991-11-25,fr,,S&D,Parti socialiste,,,10,
256903,Thomas,PELLERIN-CARLIN,1,2024-07-16,,1989-11-05,fr,,S&D,Place publique,,,10,
256902,Emma,RAFOWICZ,1,2024-07-16,,1995-06-24,fr,,S&D,Parti socialiste,,,10,
256901,Jean-Marc,GERMAIN,1,2024-07-16,,1966-06-12,fr,,S&D,Parti socialiste,,,10,
256900,Fernand,KARTHEISER,1,2024-07-16,,1959-09-30,lu,,ECR,Alternativ Demokratesch Reformpartei,,,10,
256899,Murielle,LAURENT,1,2024-07-16,,1977-09-21,fr,,S&D,Parti socialiste,,,10,
256898,Pierre,JOUVET,1,2024-07-16,,1986-10-06,fr,,S&D,Parti socialiste,,,10,
256897,Gaëtan,DUSSAUSAYE,1,2024-07-16,2024-09-26,,fr,,PfE,Rassemblement national,,,10,
256896,Angéline,FURET,1,2024-07-16,,1981-07-24,fr,,Patriots,Rassemblement national,,,10,
256895,Julien,LEONARDELLI,1,2024-07-16,,1987-07-14,fr,,Patriots,Rassemblement national,,,10,
256894,Sylvie,JOSSERAND,1,2024-07-16,2024-09-26,,fr,,PfE,Rassemblement national,,,10,
256893,Pierre,PIMPIE,1,2024-07-16,,1971-09-10,fr,,Patriots,Rassemblement national,,,10,
256891,Benoit,CASSART,1,2024-07-16,,1968-10-02,be,,Renew,Mouvement Réformateur,,,10,
256890,Rudi,KENNES,1,2024-07-16,,1959-07-22,be,,GUE/NGL,Parti du Travail de Belgique,,,10,
256889,Liesbet,SOMMEN,1,2024-07-16,,1984-04-13,be,,EPP,Christen-Democratisch & Vlaams,,,10,
256888,Rody,TOLASSY,1,2024-07-16,,1987-09-21,fr,,Patriots,Rassemblement national,,,10,
256887,Wouter,BEKE,1,2024-07-16,,1974-08-09,be,,EPP,Christen-Democratisch & Vlaams,,,10,
256886,Valérie,DELOGE,1,2024-07-16,,1966-05-09,fr,,Patriots,Rassemblement national,,,10,
256885,Bruno,TOBBACK,1,2024-07-16,,1969-08-22,be,,S&D,Vooruit,,,10,
256884,Kris,VAN DIJCK,1,2024-07-16,,1963-10-02,be,,ECR,Nieuw-Vlaamse Alliantie,,,10,
256883,Aleksandar,NIKOLIC,1,2024-07-16,,1986-10-04,fr,,Patriots,Rassemblement national,,,10,
256882,Julie,RECHAGNEUX,1,2024-07-16,,1996-01-24,fr,,Patriots,Rassemblement national,,,10,
256881,Barbara,BONTE,1,2024-07-16,,1983-05-13,be,,Patriots,Vlaams Belang,,,10,
256880,Estelle,CEULEMANS,1,2024-07-16,,1970-02-12,be,,S&D,Parti Socialiste,,,10,
256879,Yvan,VEROUGSTRAETE,1,2024-07-16,,1975-10-06,be,,Renew,Les Engagés,,,10,
256878,Marie-Luce,BRASIER-CLAIN,1,2024-07-16,,1959-10-19,fr,,Patriots,Rassemblement national,,,10,
256877,Pascale,PIERA,1,2024-07-16,,1967-02-23,fr,,Patriots,Rassemblement national,,,10,
256876,Anne-Sophie,FRIGOUT,1,2024-07-16,,1991-04-11,fr,,Patriots,Rassemblement national,,,10,
256875,Matthieu,VALET,1,2024-07-16,,1986-01-04,fr,,Patriots,Rassemblement national,,,10,
256874,Mélanie,DISDIER,1,2024-07-16,,1974-01-27,fr,,Patriots,Rassemblement national,,,10,
256872,Fabrice,LEGGERI,1,2024-07-16,,1968-03-28,fr,,Patriots,Rassemblement national,,,10,
256871,Malika,SOREL,1,2024-07-17,,,fr,,Patriots,Sans parti,,,10,
256870,Valérie,DEVAUX,1,2024-07-16,,1964-06-19,fr,,Renew,Union des démocrates et indépendants,,,10,
256869,Grégory,ALLIONE,1,2024-07-16,,1971-07-25,fr,,Renew,Renaissance,,,10,
256868,Péter,MAGYAR,1,2024-07-16,,1981-03-16,hu,,EPP,Tisztelet és Szabadság Párt,,,10,
256866,Gabriella,GERZSENYI,1,2024-07-16,,1977-10-30,hu,,EPP,Tisztelet és Szabadság Párt,,,10,
256865,Eszter,LAKOS,1,2024-07-16,,1981-03-08,hu,,EPP,Tisztelet és Szabadság Párt,,,10,
256864,András Tivadar,KULJA,1,2024-07-16,,1989-09-17,hu,,EPP,Tisztelet és Szabadság Párt,,,10,
256863,Zoltán,TARR,1,2024-07-16,,1972-02-12,hu,,EPP,Tisztelet és Szabadság Párt,,,10,
256862,Dóra,DÁVID,1,2024-07-16,,1985-03-14,hu,,EPP,Tisztelet és Szabadság Párt,,,10,
256861,Kinga,KOLLÁR,1,2024-07-16,,1978-03-06,hu,,EPP,Tisztelet és Szabadság Párt,,,10,
256860,András,LÁSZLÓ,1,2024-07-16,,,hu,,Patriots,Fidesz-Magyar Polgári Szövetség-Kereszténydemokrata Néppárt,,,10,
256859,Annamária,VICSEK,1,2024-07-16,,1973-02-09,hu,,Patriots,Fidesz-Magyar Polgári Szövetség-Kereszténydemokrata Néppárt,,,10,
256858,Nikolaos,ANADIOTIS,1,2024-07-16,,1983-02-10,gr,,NA,Dimokratikó Patriotikó Kínima «NIKI»,,,10,
256857,Viktória,FERENC,1,2024-07-16,,1984-06-12,hu,,Patriots,Fidesz-Magyar Polgári Szövetség-Kereszténydemokrata Néppárt,,,10,
256855,Pál,SZEKERES,1,2024-07-16,,1964-09-22,hu,,Patriots,Fidesz-Magyar Polgári Szövetség-Kereszténydemokrata Néppárt,,,10,
256854,Balázs,GYŐRFFY,1,2024-07-16,2024-09-01,,hu,,PfE,Fidesz-Magyar Polgári Szövetség-Kereszténydemokrata Néppárt,,,10,
256853,Klara,DOSTALOVA,1,2024-07-16,,1971-03-13,cz,,Patriots,ANO 2011,,,10,
256852,Nikola,BARTŮŠEK,1,2024-07-16,,1985-05-11,cz,,Patriots,Přísaha,,,10,
256851,Ondřej,DOSTÁL,1,2024-07-16,,,cz,,NA,Independent,,,10,
256850,Filip,TUREK,1,2024-07-16,,1985-10-15,cz,,Patriots,Motoristé sobě,,,10,
256847,Danuše,NERUDOVÁ,1,2024-07-16,,1979-01-04,cz,,EPP,Starostové a nezávisli,,,10,
256846,Ondřej,KOLÁŘ,1,2024-07-16,,1984-03-13,cz,,EPP,TOP 09 a Starostové,,,10,
256845,Ondřej,KRUTÍLEK,1,2024-07-16,,1981-04-30,cz,,ECR,Občanská demokratická strana,,,10,
256844,Jaroslava,POKORNÁ JERMANOVÁ,1,2024-07-16,,1970-08-17,cz,,Patriots,ANO 2011,,,10,
256843,Jana,NAGYOVÁ,1,2024-07-16,,1970-09-26,cz,,Patriots,ANO 2011,,,10,
256842,Gerald,HAUSER,1,2024-07-16,,1961-09-30,at,,Patriots,Freiheitliche Partei Österreichs,,,10,
256841,Helmut,BRANDSTÄTTER,1,2024-07-16,,1955-04-24,at,,Renew,NEOS – Das Neue Österreich,,,10,
256840,Jan,FARSKÝ,1,2024-07-16,,1979-07-11,cz,,EPP,Starostové a nezávisli,,,10,
256839,Anna,STÜRGKH,1,2024-07-16,,1994-04-02,at,,Renew,NEOS – Das Neue Österreich,,,10,
256834,Elisabeth,DIERINGER,1,2024-07-16,,1974-05-12,at,,Patriots,Freiheitliche Partei Österreichs,,,10,
256833,Lena,SCHILLING,1,2024-07-16,,2001-01-08,at,,Greens/EFA,Die Grünen - Die Grüne Alternative,,,10,
256831,Sophia,KIRCHER,1,2024-07-16,,1994-05-04,at,,EPP,Österreichische Volkspartei,,,10,
256830,Elisabeth,GROSSMANN,1,2024-07-16,,1968-11-25,at,,S&D,Sozialdemokratische Partei Österreichs,,,10,
256829,Sakis,ARNAOUTOGLOU,1,2024-07-16,,1969-12-13,gr,,S&D,PASOK-KINAL,,,10,
256824,Yannis,MANIATIS,1,2024-07-16,,1956-10-11,gr,,S&D,PASOK-KINAL,,,10,
256823,Nikolas,FARANTOURIS,1,2024-07-16,,1976-01-28,gr,,GUE/NGL,Coalition of the Radical Left,,,10,
256820,Georgios,AFTIAS,1,2024-07-16,,1956-07-25,gr,,EPP,Nea Demokratia,,,10,
256815,Marjan,ŠAREC,1,2024-07-16,,1977-12-02,si,,Renew,Gibanje Svoboda,,,10,
256814,Zala,TOMAŠIČ,1,2024-07-16,,1995-09-29,si,,EPP,Slovenska demokratska stranka,,,10,
256813,Vladimir,PREBILIČ,1,2024-07-16,,1974-05-21,si,,Greens/EFA,Vesna – zelena stranka,,,10,
256811,Aurelijus,VERYGA,1,2024-07-16,,1976-08-08,lt,,ECR,Lietuvos valstiečių ir žaliųjų sąjunga,,,10,
256810,Mika,AALTOLA,1,2024-07-16,,1969-05-02,fi,,EPP,Kansallinen Kokoomus,,,10,
256809,Paulius,SAUDARGAS,1,2024-07-16,,1979-03-13,lt,,EPP,Tėvynės sąjunga-Lietuvos krikščionys demokratai,,,10,
256808,Petras,GRAŽULIS,1,2024-07-16,,1958-10-28,lt,,ESN,Tautos ir teisingumo sąjunga,,,10,
256807,Dainius,ŽALIMAS,1,2024-07-16,,1973-05-22,lt,,Renew,Laisvės partija,,,10,
256806,Sebastian,TYNKKYNEN,1,2024-07-16,,1989-03-08,fi,,ECR,Perussuomalaiset,,,10,
256805,Li,ANDERSSON,1,2024-07-16,,1987-05-13,fi,,GUE/NGL,Vasemmistoliitto,,,10,
256804,Pekka,TOVERI,1,2024-07-16,,1961-04-06,fi,,EPP,Kansallinen Kokoomus,,,10,
256803,Maria,GUZENINA,1,2024-07-16,,1969-01-12,fi,,S&D,Suomen Sosialidemokraattinen Puolue/Finlands Socialdemokratiska Parti,,,10,
251874,Niels,GEUKING,1,2024-07-16,,1992-11-17,de,,EPP,Familien-Partei Deutschlands,,,10,
251324,Krzysztof,BREJZA,1,2024-07-16,,1983-05-16,pl,,EPP,Platforma Obywatelska,,,10,
249982,Milan,MAZUREK,1,2024-07-16,,1994-01-24,sk,,NA,Hnutie Republika,,,10,
247735,Laura,BALLARÍN CEREZA,1,2024-07-16,,1984-07-19,es,,S&D,Partido Socialista Obrero Español,,,10,
245770,Irene,MONTERO,1,2024-07-16,,1988-02-13,es,,GUE/NGL,PODEMOS,,,10,
245018,Christophe,CLERGEAU,1,2024-07-16,,1968-09-01,fr,,S&D,Parti socialiste,,,10,
244571,Nikos,PAPANDREOU,1,2024-07-16,,1956-09-29,gr,,S&D,PASOK-KINAL,,,10,
239260,Denis,NESCI,1,2024-07-16,,1981-07-25,it,,ECR,FRATELLI D' ITALIA,,,10,
237465,Matthias,ECKE,1,2024-07-16,,1983-04-12,de,,S&D,Sozialdemokratische Partei Deutschlands,,,10,
236053,Marina,MESURE,1,2024-07-16,,1989-07-12,fr,,GUE/NGL,La France Insoumise,,,10,
236050,Marie,DAUCHY,1,2024-07-16,,1987-02-05,fr,,Patriots,Rassemblement national,,,10,
233862,Matjaž,NEMEC,1,2024-07-16,,1980-04-10,si,,S&D,Socialni demokrati,,,10,
230085,Camilla,LAURETI,1,2024-07-16,,1975-05-20,it,,S&D,Partito Democratico,,,10,
229839,René,REPASI,1,2024-07-16,,1979-11-08,de,,S&D,Sozialdemokratische Partei Deutschlands,,,10,
220908,Branko,GRIMS,1,2024-07-16,,1962-08-26,si,,EPP,Slovenska demokratska stranka,,,10,
220897,Petra,STEGER,1,2024-07-16,,1987-10-04,at,,Patriots,Freiheitliche Partei Österreichs,,,10,
220896,Reinhold,LOPATKA,1,2024-07-16,,1960-01-27,at,,EPP,Österreichische Volkspartei,,,10,
220871,Rihards,KOLS,1,2024-07-16,,1984-12-16,lv,,ECR,"Nacionālā apvienība ""Visu Latvijai!""-""Tēvzemei un Brīvībai/LNNK""",,,10,
220840,Jaroslav,BŽOCH,1,2024-07-16,,1983-11-30,cz,,Patriots,ANO 2011,,,10,
220801,Sophie,WILMÈS,1,2024-07-16,,1975-01-15,be,,Renew,Mouvement Réformateur,,,10,
219652,Matej,TONIN,1,2024-07-16,,1983-07-30,si,,EPP,Nova Slovenija – Krščanski demokrati,,,10,
218347,Thijs,REUTEN,1,2024-07-16,,,nl,,S&D,Partij van de Arbeid,,,10,
214839,Emma,WIESNER,1,2024-07-16,,1992-11-11,se,,Renew,Centerpartiet,,,10,
213330,Ernő,SCHALLER-BAROSS,1,2024-07-16,,,hu,,Patriots,Fidesz-Magyar Polgári Szövetség-Kereszténydemokrata Néppárt,,,10,
210480,Marta,TEMIDO,1,2024-07-16,,1974-03-02,pt,,S&D,Partido Socialista,,,10,
208722,Sara,MATTHIEU,1,2024-07-16,,1981-05-21,be,,Greens/EFA,Groen,,,10,
206158,Manuela,RIPA,1,2024-07-16,,,de,,EPP,Ökologisch-Demokratische Partei,,,10,
204449,Riho,TERRAS,1,2024-07-16,,1967-04-17,ee,,EPP,Isamaa,,,10,
204419,Sandro,GOZI,1,2024-07-16,,1968-03-25,fr,,Renew,Mouvement Démocrate,,,10,
204418,Nora,MEBAREK,1,2024-07-16,,1972-07-22,fr,,S&D,Parti socialiste,,,10,
204414,Margarita,DE LA PISA CARRIÓN,1,2024-07-16,,1975-09-19,es,,Patriots,VOX,,,10,
204413,Marcos,ROS SEMPERE,1,2024-07-16,,1974-03-24,es,,S&D,Partido Socialista Obrero Español,,,10,
204400,Adrián,VÁZQUEZ LÁZARA,1,2024-07-16,,1982-05-05,es,,EPP,Partido Popular,,,10,
204346,Dominik,TARCZYŃSKI,1,2024-07-16,,,pl,,ECR,Prawo i Sprawiedliwość,,,10,
204336,Miriam,LEXMANN,1,2024-07-16,,1972-12-02,sk,,EPP,Kresťanskodemokratické hnutie,,,10,
204333,Salvatore,DE MEO,1,2024-07-16,,1971-10-27,it,,EPP,Forza Italia,,,10,
204332,Barry,ANDREWS,1,2024-07-17,,1967-05-16,ie,,Renew,Fianna Fáil Party,,,10,
204129,Nikolina,BRNJAC,1,2024-07-16,,1978-07-11,hr,,EPP,Hrvatska demokratska zajednica,,,10,
202073,Marc,ANGEL,1,2024-07-16,,1963-03-12,lu,,S&D,Parti ouvrier socialiste luxembourgeois,,,10,
202036,Sunčana,GLAVAK,1,2024-07-16,,1968-12-09,hr,,EPP,Hrvatska demokratska zajednica,,,10,
201945,Virginijus,SINKEVIČIUS,1,2024-07-16,,1990-11-04,lt,,Greens/EFA,Demokratų sąjunga „Vardan Lietuvos“,,,10,
200345,Pierre-Romain,THIONNET,1,2024-07-16,,1994-01-19,fr,,Patriots,Rassemblement national,,,10,
199941,Marianne,VIND,1,2024-07-16,,1970-12-03,dk,,S&D,Socialdemokratiet,,,10,
198490,Emmanouil,FRAGKOS,1,2024-07-16,,1993-06-27,gr,,ECR,Elliniki Lusi-Greek Solution,,,10,
198373,Judita,LAŠŠÁKOVÁ,1,2024-07-16,,1977-12-04,sk,,NA,SMER-Sociálna demokracia,,,10,
198183,Mihai,TUDOSE,1,2024-07-16,,1967-03-06,ro,,S&D,Partidul Social Democrat,,,10,
198176,Roman,HAIDER,1,2024-07-16,,1967-04-13,at,,Patriots,Freiheitliche Partei Österreichs,,,10,
198084,Katri,KULMUNI,1,2024-07-16,,1987-09-04,fi,,Renew,Suomen Keskusta,,,10,
198076,Maria,OHISALO,1,2024-07-16,,1985-03-08,fi,,Greens/EFA,Vihreä liitto,,,10,
198073,Anna-Maja,HENRIKSSON,1,2024-07-16,,1964-01-07,fi,,Renew,Svenska folkpartiet,,,10,
197870,Kim,VAN SPARRENTAK,1,2024-07-16,,1989-10-16,nl,,Greens/EFA,GroenLinks,,,10,
197863,Maria,WALSH,1,2024-07-16,,1987-06-11,ie,,EPP,Fine Gael Party,,,10,
197845,Tsvetelina,PENKOVA,1,2024-07-16,,1988-02-19,bg,,S&D,Bulgarian Socialist Party,,,10,
197843,Andrius,KUBILIUS,1,2024-07-16,,1956-12-08,lt,,EPP,Tėvynės sąjunga-Lietuvos krikščionys demokratai,,,10,
197842,Elena,YONCHEVA,1,2024-07-16,,1964-05-27,bg,,Renew,Movement for Rights and Freedoms,,,10,
197840,Rasa,JUKNEVIČIENĖ,1,2024-07-16,,1958-01-26,lt,,EPP,Tėvynės sąjunga-Lietuvos krikščionys demokratai,,,10,
197839,Radan,KANEV,1,2024-07-16,,1975-09-30,bg,,EPP,Democrats for Strong Bulgaria,,,10,
197832,Diana,RIBA I GINER,1,2024-07-16,,1975-02-21,es,,Greens/EFA,Esquerra Republicana de Catalunya,,,10,
197831,Hermann,TERTSCH,1,2024-07-16,,1958-04-09,es,,Patriots,VOX,,,10,
197829,Jorge,BUXADÉ VILLALBA,1,2024-07-16,,1975-06-16,es,,Patriots,VOX,,,10,
197825,Raffaele,STANCANELLI,1,2024-07-16,,1950-06-30,it,,Patriots,Lega,,,10,
197824,Giuseppe,MILAZZO,1,2024-07-16,,1977-08-21,it,,ECR,FRATELLI D' ITALIA,,,10,
197820,Nicola,PROCACCINI,1,2024-07-16,,1976-01-21,it,,ECR,FRATELLI D' ITALIA,,,10,
197818,Billy,KELLEHER,1,2024-07-16,,1968-01-20,ie,,Renew,Fianna Fáil Party,,,10,
197810,Nils,UŠAKOVS,1,2024-07-16,,1976-06-08,lv,,S&D,"""Saskaņa"" sociāldemokrātiskā partija",,,10,
197802,Ville,NIINISTÖ,1,2024-07-16,,1976-07-30,fi,,Greens/EFA,Vihreä liitto,,,10,
197800,Eero,HEINÄLUOMA,1,2024-07-16,,1955-07-04,fi,,S&D,Suomen Sosialidemokraattinen Puolue/Finlands Socialdemokratiska Parti,,,10,
197795,Mario,FURORE,1,2024-07-16,,1988-12-25,it,,GUE/NGL,Movimento 5 Stelle,,,10,
197794,Chiara,GEMMA,1,2024-07-16,,1968-09-20,it,,ECR,FRATELLI D' ITALIA,,,10,
197786,Susanna,CECCARDI,1,2024-07-16,,1987-03-19,it,,Patriots,Lega,,,10,
197784,Susana,SOLÍS PÉREZ,1,2024-07-16,,1971-12-21,es,,EPP,Partido Popular,,,10,
197782,Mohammed,CHAHIM,1,2024-07-16,,1985-04-18,nl,,S&D,Partij van de Arbeid,,,10,
197781,Malik,AZMANI,1,2024-07-16,,1976-01-20,nl,,Renew,Volkspartij voor Vrijheid en Democratie,,,10,
197780,Bart,GROOTHUIS,1,2024-07-16,,1981-01-01,nl,,Renew,Volkspartij voor Vrijheid en Democratie,,,10,
197778,Tom,BERENDSEN,1,2024-07-16,,1983-04-11,nl,,EPP,Christen Democratisch Appèl,,,10,
197773,Bert-Jan,RUISSEN,1,2024-07-16,,1972-03-22,nl,,ECR,Staatkundig Gereformeerde Partij,,,10,
197772,Tineke,STRIK,1,2024-07-16,,1961-09-28,nl,,Greens/EFA,GroenLinks,,,10,
197770,Martin,HOJSÍK,1,2024-07-16,,1977-01-27,sk,,Renew,Progresívne Slovensko,,,10,
197769,Michal,WIEZIK,1,2024-07-16,,1979-06-14,sk,,Renew,Progresívne Slovensko,,,10,
197763,Milan,UHRÍK,1,2024-07-16,,1984-12-21,sk,,ESN,Hnutie Republika,,,10,
197738,Lídia,PEREIRA,1,2024-07-16,,1991-07-26,pt,,EPP,Partido Social Democrata,,,10,
197734,Lefteris,NIKOLAOU-ALAVANOS,1,2024-07-16,,1985-02-07,gr,,NA,Communist Party of Greece,,,10,
197722,Nacho,SÁNCHEZ AMOR,1,2024-07-16,,1960-05-15,es,,S&D,Partido Socialista Obrero Español,,,10,
197721,César,LUENA,1,2024-07-16,,1980-10-29,es,,S&D,Partido Socialista Obrero Español,,,10,
197719,Cristina,MAESTRE,1,2024-07-16,,1975-07-27,es,,S&D,Partido Socialista Obrero Español,,,10,
197718,Nicolás,GONZÁLEZ CASARES,1,2024-07-16,,1972-07-20,es,,S&D,Partido Socialista Obrero Español,,,10,
197711,Dolors,MONTSERRAT,1,2024-07-16,,1973-09-18,es,,EPP,Partido Popular,,,10,
197702,Lina,GÁLVEZ,1,2024-07-16,,1969-09-13,es,,S&D,Partido Socialista Obrero Español,,,10,
197701,Konstantinos,ARVANITIS,1,2024-07-16,,1964-06-09,gr,,GUE/NGL,Coalition of the Radical Left,,,10,
197699,Elena,KOUNTOURA,1,2024-07-16,,1962-11-02,gr,,GUE/NGL,Coalition of the Radical Left,,,10,
197697,Aurore,LALUCQ,1,2024-07-16,,1979-04-17,fr,,S&D,Place publique,,,10,
197694,Raphaël,GLUCKSMANN,1,2024-07-16,,1979-10-15,fr,,S&D,Place publique,,,10,
197691,Mathilde,ANDROUËT,1,2024-07-16,,1984-07-03,fr,,Patriots,Rassemblement national,,,10,
197690,André,ROUGÉ,1,2024-07-16,,1961-12-23,fr,,Patriots,Rassemblement national,,,10,
197687,Philippe,OLIVIER,1,2024-07-16,,1961-08-30,fr,,Patriots,Rassemblement national,,,10,
197684,Pernando,BARRENA ARZA,1,2024-07-16,,1965-11-01,es,,GUE/NGL,EH BILDU,,,10,
197682,Hannes,HEIDE,1,2024-07-16,,1966-10-17,at,,S&D,Sozialdemokratische Partei Österreichs,,,10,
197679,Isabel,BENJUMEA BENJUMEA,1,2024-07-16,,1982-09-05,es,,EPP,Partido Popular,,,10,
197677,Günther,SIDL,1,2024-07-16,,1975-03-19,at,,S&D,Sozialdemokratische Partei Österreichs,,,10,
197672,Eugen,TOMAC,1,2024-07-16,,1981-06-27,ro,,Renew,Partidul Mișcarea Populară,,,10,
197670,Andreas,SCHIEDER,1,2024-07-16,,1969-04-16,at,,S&D,Sozialdemokratische Partei Österreichs,,,10,
197662,Vangelis,MEIMARAKIS,1,2024-07-16,,1953-12-14,gr,,EPP,Nea Demokratia,,,10,
197658,Adrian-Dragoş,BENEA,1,2024-07-16,,1975-12-18,ro,,S&D,Partidul Social Democrat,,,10,
197655,Cristian,TERHEŞ,1,2024-07-16,,1978-12-04,ro,,ECR,Partidului Național Conservator Român (PNCR),,,10,
197653,Claudiu,MANDA,1,2024-07-16,,1975-12-20,ro,,S&D,Partidul Social Democrat,,,10,
197652,Angelika,WINZIG,1,2024-07-16,,1963-05-09,at,,EPP,Österreichische Volkspartei,,,10,
197649,Gheorghe,FALCĂ,1,2024-07-16,,1967-01-22,ro,,EPP,Partidul Naţional Liberal,,,10,
197648,Alexander,BERNHUBER,1,2024-07-16,,1992-05-18,at,,EPP,Österreichische Volkspartei,,,10,
197647,Dan-Ştefan,MOTREANU,1,2024-07-16,,1970-09-11,ro,,EPP,Partidul Naţional Liberal,,,10,
197646,Mircea-Gheorghe,HAVA,1,2024-07-16,,1956-12-26,ro,,EPP,Partidul Naţional Liberal,,,10,
197636,Ioan-Rareş,BOGDAN,1,2024-07-16,,1974-09-17,ro,,EPP,Partidul Naţional Liberal,,,10,
197628,Jean-Paul,GARRAUD,1,2024-07-16,,1956-02-27,fr,,Patriots,Rassemblement national,,,10,
197627,Virginie,JORON,1,2024-07-16,,1973-12-11,fr,,Patriots,Rassemblement national,,,10,
197624,Ivars,IJABS,1,2024-07-16,,1972-11-17,lv,,Renew,Latvijas attīstībai,,,10,
197623,Thierry,MARIANI,1,2024-07-16,,1958-08-08,fr,,Patriots,Rassemblement national,,,10,
197621,Juan Ignacio,ZOIDO ÁLVAREZ,1,2024-07-16,,1957-01-21,es,,EPP,Partido Popular,,,10,
197618,Elisabetta,GUALMINI,1,2024-07-16,,1968-05-17,it,,S&D,Partito Democratico,,,10,
197607,Pietro,FIOCCHI,1,2024-07-16,,1964-05-22,it,,ECR,FRATELLI D' ITALIA,,,10,
197606,Javier,ZARZALEJOS,1,2024-07-16,,1960-06-06,es,,EPP,Partido Popular,,,10,
197591,Irene,TINAGLI,1,2024-07-16,,1974-04-16,it,,S&D,Partito Democratico,,,10,
197589,Laurence,FARRENG,1,2024-07-16,,1966-09-06,fr,,Renew,Mouvement Démocrate,,,10,
197581,Stéphanie,YON-COURTIN,1,2024-07-16,,1974-03-28,fr,,Renew,Renaissance,,,10,
197580,Isabella,TOVAGLIERI,1,2024-07-16,,1987-06-25,it,,Patriots,Lega,,,10,
197579,Klára,DOBREV,1,2024-07-16,,1972-02-02,hu,,S&D,Demokratikus Koalíció,,,10,
197578,Silvia,SARDONE,1,2024-07-16,,1982-12-25,it,,Patriots,Lega,,,10,
197577,Gilles,BOYER,1,2024-07-16,,1971-07-04,fr,,Renew,Horizons,,,10,
197574,Damien,CARÊME,1,2024-07-16,,1960-11-16,fr,,GUE/NGL,La France Insoumise,,,10,
197573,Kira Marie,PETER-HANSEN,1,2024-07-16,,1998-02-23,dk,,Greens/EFA,Socialistisk Folkeparti,,,10,
197572,Anna,ZALEWSKA,1,2024-07-16,,1965-07-06,pl,,ECR,Prawo i Sprawiedliwość,,,10,
197558,Asger,CHRISTENSEN,1,2024-07-16,,1958-01-08,dk,,Renew,"Venstre, Danmarks Liberale Parti",,,10,
197557,Christophe,GRUDLER,1,2024-07-16,,1965-04-09,fr,,Renew,Mouvement Démocrate,,,10,
197556,Ivan,DAVID,1,2024-07-16,,1952-09-24,cz,,ESN,Svoboda a přímá demokracie,,,10,
197553,Beata,SZYDŁO,1,2024-07-16,,1963-04-15,pl,,ECR,Prawo i Sprawiedliwość,,,10,
197552,Veronika,VRECIONOVÁ,1,2024-07-16,,1965-09-08,cz,,ECR,Občanská demokratická strana,,,10,
197549,Markéta,GREGOROVÁ,1,2024-07-16,,1993-01-14,cz,,Greens/EFA,PIRÁTI,,,10,
197545,Bogdan,RZOŃCA,1,2024-07-16,,1961-02-01,pl,,ECR,Prawo i Sprawiedliwość,,,10,
197543,Bernard,GUETTA,1,2024-07-16,,1951-01-28,fr,,Renew,Sans parti,,,10,
197537,Alexandr,VONDRA,1,2024-07-16,,1961-08-17,cz,,ECR,Občanská demokratická strana,,,10,
197534,François-Xavier,BELLAMY,1,2024-07-16,,1985-10-11,fr,,EPP,Les Républicains,,,10,
197533,Manon,AUBRY,1,2024-07-16,,1989-12-22,fr,,GUE/NGL,La France Insoumise,,,10,
197529,Leila,CHAIBI,1,2024-07-16,,1982-10-05,fr,,GUE/NGL,La France Insoumise,,,10,
197528,Ondřej,KNOTEK,1,2024-07-16,,1984-08-31,cz,,Patriots,ANO 2011,,,10,
197525,Ewa,KOPACZ,1,2024-07-16,,1956-12-03,pl,,EPP,Platforma Obywatelska,,,10,
197523,Łukasz,KOHUT,1,2024-07-16,,1982-09-10,pl,,EPP,Independent,,,10,
197517,Adam,JARUBAS,1,2024-07-16,,1974-12-17,pl,,EPP,Polskie Stronnictwo Ludowe,,,10,
197516,Patryk,JAKI,1,2024-07-16,,1985-05-11,pl,,ECR,Solidarna Polska Zbigniewa Ziobro,,,10,
197514,Andrzej,HALICKI,1,2024-07-16,,1961-11-26,pl,,EPP,Platforma Obywatelska,,,10,
197503,David,CORMAND,1,2024-07-17,,1974-11-30,fr,,Greens/EFA,Les Écologistes,,,10,
197502,Marie-Pierre,VEDRENNE,1,2024-07-16,,1982-12-13,fr,,Renew,Mouvement Démocrate,,,10,
197501,Joachim Stanisław,BRUDZIŃSKI,1,2024-07-16,,1968-02-04,pl,,ECR,Prawo i Sprawiedliwość,,,10,
197500,Mounir,SATOURI,1,2024-07-16,,1975-05-25,fr,,Greens/EFA,Les Écologistes,,,10,
197498,Robert,BIEDROŃ,1,2024-07-16,,1976-04-13,pl,,S&D,Nowa Lewica,,,10,
197497,Sven,MIKSER,1,2024-07-16,,1973-11-08,ee,,S&D,Sotsiaaldemokraatlik Erakond,,,10,
197494,Nathalie,LOISEAU,1,2024-07-16,,1964-06-01,fr,,Renew,Horizons,,,10,
197493,Jaak,MADISON,1,2024-08-22,,1991-04-22,ee,,ECR,Eesti Keskerakond,,,10,
197492,Bartosz,ARŁUKOWICZ,1,2024-07-16,,1971-12-30,pl,,EPP,Platforma Obywatelska,,,10,
197491,Marina,KALJURAND,1,2024-07-16,,1962-09-06,ee,,S&D,Sotsiaaldemokraatlik Erakond,,,10,
197490,Magdalena,ADAMOWICZ,1,2024-07-16,,1973-04-10,pl,,EPP,Independent,,,10,
197481,Maximilian,KRAH,1,2024-07-16,,1977-01-28,de,,NA,Alternative für Deutschland,,,10,
197475,Christine,ANDERSON,1,2024-07-16,,1968-07-29,de,,ESN,Alternative für Deutschland,,,10,
197473,Christian,DOLESCHAL,1,2024-07-16,,1988-04-27,de,,EPP,Christlich-Soziale Union in Bayern e.V.,,,10,
197470,Saskia,BRICMONT,1,2024-07-16,,1985-03-16,be,,Greens/EFA,Ecologistes Confédérés pour l'Organisation de Luttes Originales,,,10,
197469,Assita,KANKO,1,2024-07-16,,1980-07-14,be,,ECR,Nieuw-Vlaamse Alliantie,,,10,
197468,Özlem,DEMIREL,1,2024-07-16,,1984-03-10,de,,GUE/NGL,DIE LINKE.,,,10,
197466,Jutta,PAULUS,1,2024-07-16,,1967-05-09,de,,Greens/EFA,Bündnis 90/Die Grünen,,,10,
197464,Hannah,NEUMANN,1,2024-07-16,,1984-04-03,de,,Greens/EFA,Bündnis 90/Die Grünen,,,10,
197463,Olivier,CHASTEL,1,2024-07-16,,1964-11-22,be,,Renew,Mouvement Réformateur,,,10,
197462,Erik,MARQUARDT,1,2024-07-16,,1987-10-20,de,,Greens/EFA,Bündnis 90/Die Grünen,,,10,
197461,Katrin,LANGENSIEPEN,1,2024-07-16,,1979-10-10,de,,Greens/EFA,Bündnis 90/Die Grünen,,,10,
197460,Sergey,LAGODINSKY,1,2024-07-16,,1975-12-01,de,,Greens/EFA,Bündnis 90/Die Grünen,,,10,
197449,Michael,BLOSS,1,2024-07-16,,1986-11-06,de,,Greens/EFA,Bündnis 90/Die Grünen,,,10,
197448,Rasmus,ANDRESEN,1,2024-07-16,,1986-02-20,de,,Greens/EFA,Bündnis 90/Die Grünen,,,10,
197447,Irena,JOVEVA,1,2024-07-16,,1989-02-26,si,,Renew,Gibanje Svoboda,,,10,
197445,Moritz,KÖRNER,1,2024-07-16,,1990-08-03,de,,Renew,Freie Demokratische Partei,,,10,
197444,Svenja,HAHN,1,2024-07-16,,1989-07-25,de,,Renew,Freie Demokratische Partei,,,10,
197443,Andreas,GLÜCK,1,2024-07-16,,1975-03-08,de,,Renew,Freie Demokratische Partei,,,10,
197441,Predrag Fred,MATIĆ,1,2024-07-16,2024-08-23,,hr,,S&D,Socijaldemokratska partija Hrvatske,,,10,
197440,Delara,BURKHARDT,1,2024-07-16,,1992-11-03,de,,S&D,Sozialdemokratische Partei Deutschlands,,,10,
197439,Damian,BOESELAGER,1,2024-07-16,,1988-03-08,de,,Greens/EFA,Volt,,,10,
197435,Gabriele,BISCHOFF,1,2024-07-16,,1961-01-04,de,,S&D,Sozialdemokratische Partei Deutschlands,,,10,
197433,Katarina,BARLEY,1,2024-07-16,,1968-11-19,de,,S&D,Sozialdemokratische Partei Deutschlands,,,10,
197432,Jan-Christoph,OETJEN,1,2024-07-16,,1978-02-21,de,,Renew,Freie Demokratische Partei,,,10,
197430,Engin,EROGLU,1,2024-07-16,,1982-02-12,de,,Renew,Freie Wähler,,,10,
197429,Marion,WALSMANN,1,2024-07-16,,1963-03-17,de,,EPP,Christlich Demokratische Union Deutschlands,,,10,
197426,Sven,SIMON,1,2024-07-16,,1978-10-09,de,,EPP,Christlich Demokratische Union Deutschlands,,,10,
197425,Ralf,SEEKATZ,1,2024-07-16,,1972-11-10,de,,EPP,Christlich Demokratische Union Deutschlands,,,10,
197422,Christine,SCHNEIDER,1,2024-07-16,,1972-06-05,de,,EPP,Christlich Demokratische Union Deutschlands,,,10,
197421,Isabel,WISELER-LIMA,1,2024-07-16,,1961-12-29,lu,,EPP,Parti chrétien social luxembourgeois,,,10,
197417,Tomislav,SOKOL,1,2024-07-16,,1982-09-20,hr,,EPP,Hrvatska demokratska zajednica,,,10,
197416,Giorgos,GEORGIOU,1,2024-07-16,,1963-04-09,cy,,GUE/NGL,Progressive Party of Working People - Left - New Forces,,,10,
197414,Loucas,FOURLAS,1,2024-07-16,,1969-08-21,cy,,EPP,Democratic Rally,,,10,
197413,Karlo,RESSLER,1,2024-07-16,,1989-12-26,hr,,EPP,Hrvatska demokratska zajednica,,,10,
197412,Niclas,HERBST,1,2024-07-16,,1973-02-28,de,,EPP,Christlich Demokratische Union Deutschlands,,,10,
197410,Stefan,BERGER,1,2024-07-16,,1969-09-15,de,,EPP,Christlich Demokratische Union Deutschlands,,,10,
197408,Hildegard,BENTELE,1,2024-07-16,,1976-05-22,de,,EPP,Christlich Demokratische Union Deutschlands,,,10,
197406,Arba,KOKALARI,1,2024-07-16,,1986-11-27,se,,EPP,Moderaterna,,,10,
197405,Jörgen,WARBORN,1,2024-07-16,,1969-01-23,se,,EPP,Moderaterna,,,10,
197404,Jessica,POLFJÄRD,1,2024-07-16,,1971-05-27,se,,EPP,Moderaterna,,,10,
197403,Alex,AGIUS SALIBA,1,2024-07-16,,1988-01-31,mt,,S&D,Partit Laburista,,,10,
197402,Tomas,TOBÉ,1,2024-07-16,,1978-02-16,se,,EPP,Moderaterna,,,10,
197401,Karin,KARLSBRO,1,2024-07-16,,1970-09-23,se,,Renew,Liberalerna,,,10,
197400,Abir,AL-SAHLANI,1,2024-07-16,,1976-05-18,se,,Renew,Centerpartiet,,,10,
197398,Pär,HOLMGREN,1,2024-07-16,,1964-10-24,se,,Greens/EFA,Miljöpartiet de gröna,,,10,
197395,Alice,KUHNKE,1,2024-07-16,,1971-12-21,se,,Greens/EFA,Miljöpartiet de gröna,,,10,
197392,Evin,INCIR,1,2024-07-17,,1984-06-15,se,,S&D,Arbetarepartiet- Socialdemokraterna,,,10,
197391,Heléne,FRITZON,1,2024-07-16,,1960-09-29,se,,S&D,Arbetarepartiet- Socialdemokraterna,,,10,
193419,Christophe,HANSEN,1,2024-07-16,,1982-02-21,lu,,EPP,Parti chrétien social luxembourgeois,,,10,
193292,Tilly,METZ,1,2024-07-16,,1967-05-26,lu,,Greens/EFA,Déi Gréng - Les Verts,,,10,
192254,Marieke,EHLERS,1,2024-07-16,,,nl,,Patriots,Partij voor de Vrijheid,,,10,
191693,Elsi,KATAINEN,1,2024-07-16,,1966-12-17,fi,,Renew,Suomen Keskusta,,,10,
190713,Lukas,MANDL,1,2024-07-16,,1979-07-12,at,,EPP,Österreichische Volkspartei,,,10,
190574,Tomasz,FROELICH,1,2024-07-16,,1988-10-15,de,,ESN,Alternative für Deutschland,,,10,
190517,Martin,SCHIRDEWAN,1,2024-07-16,,1975-07-12,de,,GUE/NGL,DIE LINKE.,,,10,
190464,Thomas,WAITZ,1,2024-07-16,,1973-05-16,at,,Greens/EFA,Die Grünen - Die Grüne Alternative,,,10,
189065,France,JAMET,1,2024-07-16,,1961-02-05,fr,,Patriots,Rassemblement national,,,10,
188945,Dennis,RADTKE,1,2024-07-16,,1979-04-29,de,,EPP,Christlich Demokratische Union Deutschlands,,,10,
188096,Jüri,RATAS,1,2024-07-16,,1978-07-02,ee,,EPP,Isamaa,,,10,
187917,Marc,BOTENGA,1,2024-07-16,,1980-12-29,be,,GUE/NGL,Parti du Travail de Belgique,,,10,
185771,Tom,VANDENDRIESSCHE,1,2024-07-16,,1978-10-27,be,,Patriots,Vlaams Belang,,,10,
185619,Tiemo,WÖLKEN,1,2024-07-16,,1985-12-05,de,,S&D,Sozialdemokratische Partei Deutschlands,,,10,
185341,Željana,ZOVKO,1,2024-07-16,,1970-03-25,hr,,EPP,Hrvatska demokratska zajednica,,,10,
183916,Alexandra,GEESE,1,2024-07-16,,1968-07-01,de,,Greens/EFA,Bündnis 90/Die Grünen,,,10,
135511,Valérie,HAYER,1,2024-07-16,,1986-04-06,fr,,Renew,Renaissance,,,10,
131580,Jordan,BARDELLA,1,2024-07-16,,1995-09-13,fr,,Patriots,Rassemblement national,,,10,
130100,Hilde,VAUTMANS,1,2024-07-16,,1972-05-02,be,,Renew,Open Vlaamse Liberalen en Democraten,,,10,
129073,Urmas,PAET,1,2024-07-16,,1974-04-20,ee,,Renew,Eesti Reformierakond,,,10,
128483,Markus,BUCHHEIT,1,2024-07-16,,1983-08-11,de,,ESN,Alternative für Deutschland,,,10,
127766,Jussi,SARAMO,1,2024-07-16,,1979-07-09,fi,,GUE/NGL,Vasemmistoliitto,,,10,
126699,Gilles,PENNELLE,1,2024-07-16,,1962-07-20,fr,,Patriots,Rassemblement national,,,10,
125670,Massimiliano,SALINI,1,2024-07-16,,1973-03-11,it,,EPP,Forza Italia,,,10,
125325,Sander,SMIT,1,2024-07-16,,1985-07-29,nl,,EPP,BoerBurgerBeweging,,,10,
125204,Borja,GIMÉNEZ LARRAZ,1,2024-07-16,,,es,,EPP,Partido Popular,,,10,
125106,Johan,VAN OVERTVELDT,1,2024-07-16,,1955-08-24,be,,ECR,Nieuw-Vlaamse Alliantie,,,10,
125104,Romana,TOMC,1,2024-07-16,,1965-11-02,si,,EPP,Slovenska demokratska stranka,,,10,
125093,Kostas,PAPADAKIS,1,2024-07-16,,1975-04-18,gr,,NA,Communist Party of Greece,,,10,
125068,Emmanouil,KEFALOGIANNIS,1,2024-07-16,,1959-05-24,gr,,EPP,Nea Demokratia,,,10,
125065,Elissavet,VOZEMBERG-VRIONIDI,1,2024-07-16,,1956-09-14,gr,,EPP,Nea Demokratia,,,10,
125052,Juan Carlos,GIRAUTA VIDAL,1,2024-07-16,,1961-03-12,es,,Patriots,VOX,,,10,
125046,Jonás,FERNÁNDEZ,1,2024-07-16,,1979-01-08,es,,S&D,Partido Socialista Obrero Español,,,10,
125042,Javi,LÓPEZ,1,2024-07-16,,1985-11-11,es,,S&D,Partit dels Socialistes de Catalunya (PSC-PSOE),,,10,
125027,Esteban,GONZÁLEZ PONS,1,2024-07-16,,1964-08-21,es,,EPP,Partido Popular,,,10,
125023,Anja,HAZEKAMP,1,2024-07-16,,1968-01-21,nl,,GUE/NGL,Partij voor de Dieren,,,10,
125012,Daniel,BUDA,1,2024-07-16,,1970-01-11,ro,,EPP,Partidul Naţional Liberal,,,10,
125001,Harald,VILIMSKY,1,2024-07-16,,1966-07-22,at,,Patriots,Freiheitliche Partei Österreichs,,,10,
124985,Luke Ming,FLANAGAN,1,2024-07-16,,1972-01-22,ie,,GUE/NGL,Independent,,,10,
124984,Lynn,BOYLAN,1,2024-07-16,,1976-11-29,ie,,GUE/NGL,Sinn Féin,,,10,
124973,Gerolf,ANNEMANS,1,2024-07-16,,1958-11-08,be,,Patriots,Vlaams Belang,,,10,
124895,Krzysztof,HETMAN,1,2024-07-16,,1974-06-27,pl,,EPP,Polskie Stronnictwo Ludowe,,,10,
124893,Bogdan Andrzej,ZDROJEWSKI,1,2024-07-16,,1957-05-18,pl,,EPP,Platforma Obywatelska,,,10,
124884,Kosma,ZŁOTOWSKI,1,2024-07-16,,1964-01-14,pl,,ECR,Prawo i Sprawiedliwość,,,10,
124877,Jadwiga,WIŚNIEWSKA,1,2024-07-16,,1963-07-02,pl,,ECR,Prawo i Sprawiedliwość,,,10,
124875,Anders,VISTISEN,1,2024-07-16,,1987-11-12,dk,,Patriots,Dansk Folkeparti,,,10,
124867,Brando,BENIFEI,1,2024-07-16,,1986-01-01,it,,S&D,Partito Democratico,,,10,
124866,Ilhan,KYUCHYUK,1,2024-07-16,,1985-09-16,bg,,Renew,Movement for Rights and Freedoms,,,10,
124861,Caterina,CHINNICI,1,2024-07-16,,1954-11-05,it,,EPP,Forza Italia,,,10,
124858,Fabio,DE MASI,1,2024-07-02,,1980-03-07,de,,NA,Bündnis Sahra Wagenknecht – Vernunft und Gerechtigkeit,,,10,6496
124850,Emil,RADEV,1,2024-07-16,,1971-05-26,bg,,EPP,Citizens for European Development of Bulgaria,,,10,
124846,Pina,PICIERNO,1,2024-07-16,,1981-05-10,it,,S&D,Partito Democratico,,,10,
124836,Maria,NOICHL,1,2024-07-16,,1967-01-09,de,,S&D,Sozialdemokratische Partei Deutschlands,,,10,
124834,Martin,SONNEBORN,1,2024-07-16,,1965-05-15,de,,NA,Die PARTEI,,,10,
124828,Fulvio,MARTUSCIELLO,1,2024-07-16,,1968-05-25,it,,EPP,Forza Italia,,,10,
124813,Dario,TAMBURRANO,1,2024-07-16,,1969-08-27,it,,GUE/NGL,Movimento 5 Stelle,,,10,
124808,Norbert,LINS,1,2024-07-16,,1977-12-22,de,,EPP,Christlich Demokratische Union Deutschlands,,,10,
124807,Jens,GIESEKE,1,2024-07-16,,1971-05-18,de,,EPP,Christlich Demokratische Union Deutschlands,,,10,
124806,David,MCALLISTER,1,2024-07-16,,1971-01-12,de,,EPP,Christlich Demokratische Union Deutschlands,,,10,
124802,Siegfried,MUREŞAN,1,2024-07-16,,1981-09-20,ro,,EPP,Partidul Naţional Liberal,,,10,
124799,Alessandra,MORETTI,1,2024-07-16,,1973-06-24,it,,S&D,Partito Democratico,,,10,
124795,Flavio,TOSI,1,2024-07-16,,1969-06-18,it,,EPP,Forza Italia,,,10,
124785,Maria,GRAPINI,1,2024-07-16,,1954-11-07,ro,,S&D,Partidul Social Democrat,,,10,
124784,Dan,NICA,1,2024-07-16,,1960-07-02,ro,,S&D,Partidul Social Democrat,,,10,
124766,Petras,AUŠTREVIČIUS,1,2024-07-16,,1963-05-16,lt,,Renew,Liberalų sąjūdis,,,10,
124760,Nicolas,BAY,1,2024-07-16,,1977-12-21,fr,,ECR,Divers droite,,,10,
124736,Merja,KYLLÖNEN,1,2024-07-16,,1977-01-25,fi,,GUE/NGL,Vasemmistoliitto,,,10,
124726,Henna,VIRKKUNEN,1,2024-07-16,,1972-06-04,fi,,EPP,Kansallinen Kokoomus,,,10,
124722,Csaba,MOLNÁR,1,2024-07-16,,1975-12-04,hu,,S&D,Demokratikus Koalíció,,,10,
124715,György,HÖLVÉNYI,1,2024-07-16,,1962-06-13,hu,,Patriots,Kereszténydemokrata Néppárt,,,10,
124713,Tomáš,ZDECHOVSKÝ,1,2024-07-16,,1979-11-02,cz,,EPP,Křesťanská a demokratická unie - Československá strana lidová,,,10,
124701,Luděk,NIEDERMAYER,1,2024-07-16,,1966-03-13,cz,,EPP,TOP 09 a Starostové,,,10,
124700,Jana,TOOM,1,2024-07-16,,1966-10-15,ee,,Renew,Eesti Keskerakond,,,10,
124691,Costas,MAVRIDES,1,2024-07-16,,1962-05-27,cy,,S&D,Democratic Party,,,10,
123562,Charlie,WEIMERS,1,2024-07-16,,1982-11-12,se,,ECR,Sverigedemokraterna,,,10,
122978,Alicia,HOMS GINEL,1,2024-07-16,,1993-10-15,es,,S&D,Partido Socialista Obrero Español,,,10,
119652,Vytenis Povilas,ANDRIUKAITIS,1,2024-07-16,,1951-08-09,lt,,S&D,Lietuvos socialdemokratų partija,,,10,
119435,Davor Ivo,STIER,1,2024-07-16,,1972-01-06,hr,,EPP,Hrvatska demokratska zajednica,,,10,
118949,Ondřej,KOVAŘÍK,1,2024-07-16,,1980-08-21,cz,,Patriots,ANO 2011,,,10,
118859,Roberta,METSOLA,1,2024-07-16,,1979-01-18,mt,,EPP,Partit Nazzjonalista,,,10,
113523,Peter,AGIUS,1,2024-07-16,,1979-04-09,mt,,EPP,Partit Nazzjonalista,,,10,
112748,Biljana,BORZAN,1,2024-07-16,,1971-11-29,hr,,S&D,Socijaldemokratska partija Hrvatske,,,10,
112747,Romana,JERKOVIĆ,1,2024-07-16,,1964-11-28,hr,,S&D,Socijaldemokratska partija Hrvatske,,,10,
112744,Tonino,PICULA,1,2024-07-16,,1961-08-31,hr,,S&D,Socijaldemokratska partija Hrvatske,,,10,
111412,Villy,SØVNDAL,1,2024-07-16,,1952-04-04,dk,,Greens/EFA,Socialistisk Folkeparti,,,10,
110673,Ana Miguel,PEDRO,1,2024-07-16,,1989-10-07,pt,,EPP,Partido do Centro Democrático Social-Partido Popular,,,10,
107212,Andrey,NOVAKOV,1,2024-07-16,,1988-07-07,bg,,EPP,Citizens for European Development of Bulgaria,,,10,
106936,Daniel,FREUND,1,2024-07-16,,1984-10-14,de,,Greens/EFA,Bündnis 90/Die Grünen,,,10,
103381,Terry,REINTKE,1,2024-07-16,,1987-05-09,de,,Greens/EFA,Bündnis 90/Die Grünen,,,10,
103246,Auke,ZIJLSTRA,1,2024-07-16,,1964-11-01,nl,,Patriots,Partij voor de Vrijheid,,,10,
101585,Niels,FUGLSANG,1,2024-07-16,,1985-06-29,dk,,S&D,Socialdemokratiet,,,10,
101039,Paolo,BORCHIA,1,2024-07-16,,1980-05-27,it,,Patriots,Lega,,,10,
99945,Lena,DÜPONT,1,2024-07-16,,1986-04-30,de,,EPP,Christlich Demokratische Union Deutschlands,,,10,
99878,Waldemar,BUDA,1,2024-07-16,,1982-09-21,pl,,ECR,Prawo i Sprawiedliwość,,,10,
98582,Loránt,VINCZE,1,2024-07-16,,1977-11-03,ro,,EPP,Uniunea Democrată Maghiară din România,,,10,
98341,Eva,MAYDELL,1,2024-07-16,,1986-01-26,bg,,EPP,Citizens for European Development of Bulgaria,,,10,
98219,Aura,SALLA,1,2024-07-16,,1984-06-13,fi,,EPP,Kansallinen Kokoomus,,,10,
97968,Andrey,KOVATCHEV,1,2024-07-16,,1967-12-13,bg,,EPP,Citizens for European Development of Bulgaria,,,10,
97399,Dirk,GOTINK,1,2024-07-16,,1981-08-13,nl,,EPP,Nieuw Sociaal Contract,,,10,
97236,Marie,TOUSSAINT,1,2024-07-17,,1987-05-27,fr,,Greens/EFA,Les Écologistes,,,10,
96998,Evelyn,REGNER,1,2024-07-16,,1966-01-24,at,,S&D,Sozialdemokratische Partei Österreichs,,,10,
96940,Gerben-Jan,GERBRANDY,1,2024-07-16,,1967-06-28,nl,,Renew,Democraten 66,,,10,
96936,Gabriel,MATO,1,2024-07-16,,1961-04-29,es,,EPP,Partido Popular,,,10,
96934,Sandra,KALNIETE,1,2024-07-16,,1952-12-22,lv,,EPP,Jaunā Vienotība,,,10,
96933,Milan,ZVER,1,2024-07-16,,1962-05-25,si,,EPP,Slovenska demokratska stranka,,,10,
96932,Birgit,SIPPEL,1,2024-07-16,,1960-01-29,de,,S&D,Sozialdemokratische Partei Deutschlands,,,10,
96833,Jens,GEIER,1,2024-07-16,,1961-06-22,de,,S&D,Sozialdemokratische Partei Deutschlands,,,10,
96830,Enikő,GYŐRI,1,2024-07-16,,1968-07-17,hu,,Patriots,Fidesz-Magyar Polgári Szövetség-Kereszténydemokrata Néppárt,,,10,
96826,Tamás,DEUTSCH,1,2024-07-16,,1966-07-27,hu,,Patriots,Fidesz-Magyar Polgári Szövetség-Kereszténydemokrata Néppárt,,,10,
96812,Juan Fernando,LÓPEZ AGUILAR,1,2024-07-16,,1961-06-10,es,,S&D,Partido Socialista Obrero Español,,,10,
96811,Rosa,ESTARÀS FERRAGUT,1,2024-07-16,,1965-10-21,es,,EPP,Partido Popular,,,10,
96810,Carlo,FIDANZA,1,2024-07-16,,1976-09-21,it,,ECR,FRATELLI D' ITALIA,,,10,
96808,Pablo,ARIAS ECHEVERRÍA,1,2024-07-16,,1970-06-30,es,,EPP,Partido Popular,,,10,
96791,Elżbieta Katarzyna,ŁUKACIJEWSKA,1,2024-07-16,,1966-11-25,pl,,EPP,Platforma Obywatelska,,,10,
96787,Herbert,DORFMANN,1,2024-07-16,,1969-03-04,it,,EPP,Südtiroler Volkspartei,,,10,
96780,Monika,HOHLMEIER,1,2024-07-16,,1962-07-02,de,,EPP,Christlich-Soziale Union in Bayern e.V.,,,10,
96761,Axel,VOSS,1,2024-07-16,,1963-04-07,de,,EPP,Christlich Demokratische Union Deutschlands,,,10,
96756,Sabine,VERHEYEN,1,2024-07-16,,1964-10-24,de,,EPP,Christlich Demokratische Union Deutschlands,,,10,
96752,Martin,HÄUSLING,1,2024-07-16,,1961-03-26,de,,Greens/EFA,Bündnis 90/Die Grünen,,,10,
96725,Bas,EICKHOUT,1,2024-07-16,,1976-10-08,nl,,Greens/EFA,GroenLinks,,,10,
96711,Pascal,CANFIN,1,2024-07-16,,1974-08-22,fr,,Renew,Renaissance,,,10,
96709,Morten,LØKKEGAARD,1,2024-07-16,,1964-12-20,dk,,Renew,"Venstre, Danmarks Liberale Parti",,,10,
96697,Waldemar,TOMASZEWSKI,1,2024-07-16,,1965-03-03,lt,,ECR,Lietuvos lenkų rinkimų akcija – Krikščioniškų šeimų sąjunga,,,10,
96681,Vilija,BLINKEVIČIŪTĖ,1,2024-07-16,,1960-03-03,lt,,S&D,Lietuvos socialdemokratų partija,,,10,
96675,Isabella,LÖVIN,1,2024-07-16,,1963-02-03,se,,Greens/EFA,Miljöpartiet de gröna,,,10,
96668,Seán,KELLY,1,2024-07-16,,1952-04-26,ie,,EPP,Fine Gael Party,,,10,
96653,Katarína,ROTH NEVEĎALOVÁ,1,2024-07-16,,1982-11-10,sk,,NA,SMER-Sociálna demokracia,,,10,
95074,Jeroen,LENAERS,1,2024-07-16,,1984-04-29,nl,,EPP,Christen Democratisch Appèl,,,10,
94649,Catherine,GRISET,1,2024-07-16,,1972-08-20,fr,,Patriots,Rassemblement national,,,10,
91636,Marit,MAIJ,1,2024-07-16,,1972-01-16,nl,,S&D,Partij van de Arbeid,,,10,
88882,Victor,NEGRESCU,1,2024-07-16,,1985-08-17,ro,,S&D,Partidul Social Democrat,,,10,
88552,Julien,SANCHEZ,1,2024-07-16,,1983-10-19,fr,,Patriots,Rassemblement national,,,10,
86793,Anna,CAVAZZINI,1,2024-07-16,,1982-12-12,de,,Greens/EFA,Bündnis 90/Die Grünen,,,10,
86057,Bartłomiej,SIENKIEWICZ,1,2024-07-16,,1961-07-29,pl,,EPP,Platforma Obywatelska,,,10,
72779,Nadine,MORANO,1,2024-07-16,,1963-11-06,fr,,EPP,Les Républicains,,,10,
58766,Nicolae,ŞTEFĂNUȚĂ,1,2024-07-16,,1982-01-03,ro,,Greens/EFA,Independent,,,10,
39725,Iuliu,WINKLER,1,2024-07-16,,1964-03-14,ro,,EPP,Uniunea Democrată Maghiară din România,,,10,
38542,Johan,DANIELSSON,1,2024-07-16,,1982-06-30,se,,S&D,Arbetarepartiet- Socialdemokraterna,,,10,
38511,Georg,MAYER,1,2024-07-16,,1973-10-12,at,,Patriots,Freiheitliche Partei Österreichs,,,10,
37324,Adina,VĂLEAN,1,2024-07-16,,1968-02-16,ro,,EPP,Partidul Naţional Liberal,,,10,
37312,Christel,SCHALDEMOSE,1,2024-07-16,,1967-08-04,dk,,S&D,Socialdemokratiet,,,10,
36392,Aldo,PATRICIELLO,1,2024-07-16,,1957-09-27,it,,Patriots,Lega,,,10,
34232,Kristian,VIGENIN,1,2024-07-16,,1975-06-12,bg,,S&D,Bulgarian Socialist Party,,,10,
33998,Vasile,DÎNCU,1,2024-07-16,,1961-11-25,ro,,S&D,Partidul Social Democrat,,,10,
30482,Younous,OMARJEE,1,2024-07-16,,1969-09-30,fr,,GUE/NGL,La France Insoumise,,,10,
30123,Guillaume,PELTIER,1,2024-07-16,,,fr,,ECR,Divers droite,,,10,
28617,Inese,VAIDERE,1,2024-07-16,,1952-09-03,lv,,EPP,Jaunā Vienotība,,,10,
28615,Roberts,ZĪLE,1,2024-07-16,,1958-06-20,lv,,ECR,"Nacionālā apvienība ""Visu Latvijai!""-""Tēvzemei un Brīvībai/LNNK""",,,10,
28419,Nicola,ZINGARETTI,1,2024-07-16,,1965-10-11,it,,S&D,Partito Democratico,,,10,
28400,Francisco José,MILLÁN MON,1,2024-07-16,,1955-03-08,es,,EPP,Partido Popular,,,10,
28399,Antonio,LÓPEZ-ISTÚRIZ WHITE,1,2024-07-16,,1970-04-01,es,,EPP,Partido Popular,,,10,
28390,Pilar,DEL CASTILLO VERA,1,2024-07-16,,1952-07-31,es,,EPP,Partido Popular,,,10,
28347,Javier,MORENO SÁNCHEZ,1,2024-07-16,,1965-03-12,es,,S&D,Partido Socialista Obrero Español,,,10,
28307,Francisco,ASSIS,1,2024-07-16,,1965-01-08,pt,,S&D,Partido Socialista,,,10,
28298,Iratxe,GARCÍA PÉREZ,1,2024-07-16,,1974-10-07,es,,S&D,Partido Socialista Obrero Español,,,10,
28229,Manfred,WEBER,1,2024-07-16,,1972-07-14,de,,EPP,Christlich-Soziale Union in Bayern e.V.,,,10,
28226,Christian,EHLER,1,2024-07-16,,1963-08-17,de,,EPP,Christlich Demokratische Union Deutschlands,,,10,
28223,Andreas,SCHWAB,1,2024-07-16,,1973-04-09,de,,EPP,Christlich Demokratische Union Deutschlands,,,10,
28219,Daniel,CASPARY,1,2024-07-16,,1976-04-04,de,,EPP,Christlich Demokratische Union Deutschlands,,,10,
28150,Kinga,GÁL,1,2024-07-16,,1970-09-06,hu,,Patriots,Fidesz-Magyar Polgári Szövetség-Kereszténydemokrata Néppárt,,,10,
28122,David,CASA,1,2024-07-16,,1968-11-16,mt,,EPP,Partit Nazzjonalista,,,10,
25758,Ruth,FIRMENICH,1,2024-07-16,,1964-08-24,de,,NA,Bündnis Sahra Wagenknecht – Vernunft und Gerechtigkeit,,,10,
24942,Ana,MIRANDA PAZ,1,2024-07-16,,1971-05-02,es,,Greens/EFA,Bloque Nacionalista Galego,,,10,
24922,Pascal,ARIMONT,1,2024-07-16,,1974-09-25,be,,EPP,Christlich Soziale Partei,,,10,
23868,Monika,BEŇOVÁ,1,2024-07-16,,1968-08-15,sk,,NA,SMER-Sociálna demokracia,,,10,
23816,András,GYÜRK,1,2024-07-16,,1972-12-02,hu,,Patriots,Fidesz-Magyar Polgári Szövetség-Kereszténydemokrata Néppárt,,,10,
23788,Adam,BIELAN,1,2024-07-16,,1974-09-12,pl,,ECR,Prawo i Sprawiedliwość,,,10,
23781,Janusz,LEWANDOWSKI,1,2024-07-16,,1951-06-13,pl,,EPP,Platforma Obywatelska,,,10,
23699,Kateřina,KONEČNÁ,1,2024-07-16,,1981-01-20,cz,,NA,Komunistická strana Čech a Moravy,,,10,
22858,Fabienne,KELLER,1,2024-07-16,,1959-10-20,fr,,Renew,Renaissance,,,10,
22418,Esther,HERRANZ GARCÍA,1,2024-07-16,,1969-07-03,es,,EPP,Partido Popular,,,10,
5736,Alexandre,VARAUT,1,2024-07-16,,1966-01-18,fr,,Patriots,Rassemblement national,,,10,
5729,Kathleen,VAN BREMPT,1,2024-07-16,,1969-11-18,be,,S&D,Vooruit,,,10,
5392,Lara,WOLTERS,1,2024-07-16,,1986-04-12,nl,,S&D,Partij van de Arbeid,,,10,
4746,Sergio,BERLATO,1,2024-07-16,,1959-07-27,it,,ECR,FRATELLI D' ITALIA,,,10,
4395,Mario,MANTOVANI,1,2024-07-16,,1950-07-28,it,,ECR,FRATELLI D' ITALIA,,,10,
4289,Angelika,NIEBLER,1,2024-07-16,,1963-02-18,de,,EPP,Christlich-Soziale Union in Bayern e.V.,,,10,
4267,Udo,BULLMANN,1,2024-07-16,,1956-06-08,de,,S&D,Sozialdemokratische Partei Deutschlands,,,10,
2341,Michael,GAHLER,1,2024-07-16,,1960-04-22,de,,EPP,Christlich Demokratische Union Deutschlands,,,10,
2268,Jonas,SJÖSTEDT,1,2024-07-16,,1964-12-25,se,,GUE/NGL,Vänsterpartiet,,,10,
2152,Leoluca,ORLANDO,1,2024-07-29,,1947-08-01,it,,Greens/EFA,Independent,,,10,
1927,Peter,LIESE,1,2024-07-16,,1965-05-20,de,,EPP,Christlich Demokratische Union Deutschlands,,,10,
1917,Markus,FERBER,1,2024-07-16,,1965-01-15,de,,EPP,Christlich-Soziale Union in Bayern e.V.,,,10,
1909,Bernd,LANGE,1,2024-07-16,,1955-11-14,de,,S&D,Sozialdemokratische Partei Deutschlands,,,10,
1294,Elio,DI RUPO,1,2024-07-16,,1951-07-18,be,,S&D,Parti Socialiste,,,10,
840,Charles,GOERENS,1,2024-07-16,,1952-02-06,lu,,Renew,Parti démocratique,,,10,